OTU_ID	Bre_1_S21_WoL_subset	Bre_2_S22_WoL_subset	Bur_1_S31_WoL_subset	Bur_2_S32_WoL_subset	Bur_Fru_1_S9_WoL_subset	Bur_Fru_2_S10_WoL_subset	Bur_Rib_1_S11_WoL_subset	Bur_Rib_2_S12_WoL_subset	Bur_Tre_1_S5_WoL_subset	Bur_Tre_2_S6_WoL_subset	Chi_1_S27_WoL_subset	Chi_2_S28_WoL_subset	Chi_Glu_1_S17_WoL_subset	Chi_Glu_2_S18_WoL_subset	Chi_Thio_1_S33_WoL_subset	Chi_Thio_2_S34_WoL_subset	Fru_1_S47_WoL_subset	Fru_2_S48_WoL_subset	Fru_SynCom_1_S59_WoL_subset	Fru_SynCom_2_S60_WoL_subset	Glu_1_S45_WoL_subset	Glu_2_S46_WoL_subset	Glu_SynCom_1_S55_WoL_subset	Glu_SynCom_2_S56_WoL_subset	Lys_1_S23_WoL_subset	Lys_2_S24_WoL_subset	Mal_1_S37_WoL_subset	Mal_2_S38_WoL_subset	Mal_SynCom_1_S53_WoL_subset	Mal_SynCom_2_S54_WoL_subset	Pae_1_S29_WoL_subset	Pae_2_S30_WoL_subset	Pae_Put_1_S1_WoL_subset	Pae_Put_2_S2_WoL_subset	Pae_Rib_1_S13_WoL_subset	Pae_Rib_2_S14_WoL_subset	Pae_Tre_1_S7_WoL_subset	Pae_Tre_2_S8_WoL_subset	Put_SynCom_1_S57_WoL_subset	Put_SynCom_2_S58_WoL_subset	Putr_1_S41_WoL_subset	Putr_2_S42_WoL_subset	Rhi_1_S25_WoL_subset	Rhi_2_S26_WoL_subset	Rhi_Glu_1_S15_WoL_subset	Rhi_Glu_2_S16_WoL_subset	Rho_1_S19_WoL_subset	Rho_2_S20_WoL_subset	Rho_Put_1_S3_WoL_subset	Rho_Put_2_S4_WoL_subset	Rib_1_S35_WoL_subset	Rib_2_S36_WoL_subset	Rib_Neg_S83_WoL_subset	Rib_SynCom_1_S61_WoL_subset	Rib_SynCom_2_S62_WoL_subset	ST_1_S39_WoL_subset	ST_2_S40_WoL_subset	ST_SynCom_1_S51_WoL_subset	ST_SynCom_2_S52_WoL_subset	Soil_1_S65_WoL_subset	Soil_2_S66_WoL_subset	Soil_3_S67_WoL_subset	Soil_Exudate_1_S68_WoL_subset	Soil_Exudate_2_S69_WoL_subset	Soil_Exudate_3_S70_WoL_subset	Soil_LB_1_S74_WoL_subset	Soil_LB_2_S75_WoL_subset	Soil_LB_3_S76_WoL_subset	Soil_SynCom_1_S49_WoL_subset	Soil_SynCom_2_S50_WoL_subset	Soil_SynCom_Exudate_1_S71_WoL_subset	Soil_SynCom_Exudate_2_S72_WoL_subset	Soil_SynCom_Exudate_3_S73_WoL_subset	Soil_SynCom_LB_1_S77_WoL_subset	Soil_SynCom_LB_2_S78_WoL_subset	Soil_SynCom_LB_3_S79_WoL_subset	Soil_Water_1_S80_WoL_subset	Soil_Water_2_S81_WoL_subset	Soil_Water_3_S82_WoL_subset	Tre_1_S43_WoL_subset	Tre_2_S44_WoL_subset	Tre_Neg_S84_WoL_subset	Tre_SynCom_1_S63_WoL_subset	Tre_SynCom_2_S64_WoL_subset
G000007565	27412.0	20381.0	21369.0	16656.0	14164.0	12596.0	2169.0	1728.0	7729.0	4867.0	18727.0	13717.0	51558.0	58592.0	28841.0	27229.0	9542.0	11762.0	33094.0	45796.0	43947.0	109697.0	158582.0	45598.0	26012.0	32882.0	1762.0	2809.0	10577.0	32081.0	29247.0	20659.0	127849.0	93161.0	5995.0	6814.0	7675.0	6498.0	1685296.0	715032.0	554834.0	942772.0	13971.0	19555.0	29402.0	34786.0	13745.0	15161.0	65181.0	46980.0	10381.0	4922.0	1994.0	7104.0	22813.0	44030.0	44921.0	109812.0	53985.0	22963.0	8026.0	15434.0	3403.0	4226.0	6607.0	1216548.0	1547440.0	964058.0	34622.0	29799.0	15033.0	23926.0	8670.0	863145.0	2214443.0	1305714.0	1624.0	1775.0	2316.0	12933.0	12586.0	1150.0	27603.0	24612.0
G000007825	921.0	466.0	618.0	612.0	13284.0	11851.0	7227.0	4646.0	15416.0	9186.0	595.0	470.0	1372.0	1273.0	548.0	637.0	7296.0	8968.0	15694.0	6620.0	1169.0	396.0	442.0	352.0	433.0	827.0	4476.0	5509.0	9430.0	3641.0	792.0	669.0	958.0	674.0	3846.0	11798.0	10795.0	10530.0	295.0	380.0	1273.0	331.0	793.0	626.0	689.0	618.0	547.0	647.0	1089.0	600.0	1693.0	2521.0	17.0	1635.0	8863.0	223.0	213.0	716.0	758.0	823.0	278.0	644.0	677.0	550.0	1142.0	7931.0	17246.0	4681.0	426.0	786.0	662.0	756.0	691.0	706.0	728.0	13746.0	170.0	221.0	286.0	9368.0	9015.0	26.0	24012.0	26410.0
G000008345	101.0	84.0	83.0	64.0	62.0	95.0	46.0	51.0	100.0	101.0	68.0	27.0	86.0	81.0	59.0	82.0	86.0	114.0	110.0	144.0	52.0	51.0	103.0	10.0	84.0	96.0	32.0	72.0	113.0	93.0	96.0	81.0	44.0	42.0	116.0	56.0	77.0	74.0	33.0	74.0	55.0	25.0	72.0	78.0	71.0	43.0	69.0	103.0	63.0	58.0	35.0	26.0	438.0	44.0	118.0	36.0	76.0	127.0	161.0	114.0	26.0	131.0	135.0	46.0	134.0	22.0	145.0	35.0	83.0	58.0	199.0	90.0	361.0	17.0	76.0	421.0	44.0	102.0	79.0	101.0	104.0	35.0	64.0	70.0
G000011365	28708.0	16712.0	19643.0	22638.0	12371.0	12152.0	18536.0	11180.0	16349.0	10545.0	16294.0	14748.0	19605.0	15519.0	15417.0	16865.0	18462.0	21108.0	19728.0	23353.0	13239.0	9418.0	22636.0	2895.0	21528.0	24549.0	9639.0	19068.0	18932.0	15500.0	22548.0	14861.0	16956.0	10343.0	15030.0	11986.0	15072.0	11586.0	12009.0	12842.0	13096.0	8302.0	20343.0	22800.0	15419.0	12365.0	20620.0	20522.0	12983.0	12552.0	15243.0	9259.0	155321.0	13682.0	19356.0	17459.0	11909.0	24251.0	29973.0	25400.0	4367.0	20897.0	35405.0	23082.0	26836.0	1170.0	5500.0	2224.0	17130.0	15546.0	43742.0	24141.0	29923.0	1138.0	4022.0	5902.0	6049.0	27799.0	27195.0	17616.0	24869.0	641.0	9614.0	7247.0
G000018665	16851.0	9186.0	16882.0	13550.0	925.0	905.0	1171.0	736.0	1274.0	1077.0	49164.0	7436.0	145779.0	106854.0	2055.0	5003.0	1039.0	1530.0	7349.0	3143.0	107411.0	195508.0	581647.0	226009.0	12402.0	10831.0	325.0	1215.0	5658.0	6489.0	21615.0	11353.0	6201.0	8230.0	950.0	2527.0	811.0	735.0	123095.0	10801.0	8322.0	8678.0	16800.0	14442.0	139183.0	65146.0	13264.0	20925.0	25014.0	73081.0	889.0	609.0	37422.0	4171.0	15052.0	9250.0	3403.0	23941.0	76229.0	25853.0	15373.0	21870.0	8960.0	7488.0	7965.0	1851506.0	7998134.0	3236456.0	12324.0	11819.0	7331.0	25659.0	10115.0	3041013.0	9788380.0	6635209.0	5458.0	6600.0	7585.0	1109.0	839.0	3702.0	5744.0	5655.0
G000019725	6459.0	4892.0	4136.0	5011.0	1537.0	1727.0	3333.0	1513.0	2164.0	1385.0	3810.0	2973.0	5478.0	4191.0	3331.0	3302.0	3651.0	2802.0	19083.0	3599.0	4148.0	3950.0	7541.0	1404.0	6211.0	5519.0	576.0	1651.0	2584.0	3091.0	4973.0	3675.0	2977.0	3287.0	1907.0	2105.0	1857.0	1580.0	8030.0	12857.0	3546.0	3323.0	4749.0	5173.0	3901.0	3107.0	5031.0	4554.0	3094.0	3449.0	13728.0	1011.0	6636.0	2261.0	3867.0	3520.0	2919.0	7594.0	7077.0	6146.0	1527.0	5716.0	4641.0	4521.0	4794.0	2935.0	2597.0	2896.0	4745.0	4877.0	50829.0	3403.0	5518.0	1973.0	3668.0	6188.0	2970.0	5142.0	6168.0	1859.0	2335.0	15032932.0	2234.0	1716.0
G000020025	2518.0	1044.0	1940.0	2714.0	3691.0	2995.0	3534.0	2513.0	5877.0	3500.0	2022.0	1687.0	2731.0	2415.0	1579.0	2202.0	7595.0	5811.0	8709.0	5277.0	1504.0	1796.0	1054.0	649.0	1581.0	4383.0	5799.0	6613.0	8294.0	1365.0	2323.0	1967.0	1696.0	1431.0	3308.0	2783.0	3155.0	3567.0	428.0	660.0	1663.0	890.0	2193.0	2145.0	1970.0	1414.0	1476.0	2264.0	1770.0	919.0	4812.0	3258.0	0.0	1008.0	5246.0	653.0	342.0	1588.0	3026.0	3700.0	673.0	1326.0	1434.0	1225.0	1808.0	242.0	1195.0	584.0	1844.0	3242.0	1504.0	1550.0	1262.0	224.0	120.0	743.0	417.0	421.0	804.0	6973.0	7603.0	9.0	7587.0	7586.0
G000020045	13549.0	10459.0	18590.0	14290.0	16360.0	15680.0	30360.0	19155.0	17008.0	11781.0	8393.0	7946.0	9975.0	12082.0	3503.0	3920.0	32223.0	48246.0	31258.0	29602.0	9615.0	11715.0	11402.0	1696.0	11765.0	12626.0	3687.0	7770.0	14714.0	22510.0	14730.0	12938.0	7416.0	3996.0	47537.0	30965.0	12305.0	12132.0	14546.0	16462.0	11446.0	13126.0	13010.0	16390.0	8377.0	6682.0	17092.0	15211.0	2488.0	3196.0	31619.0	20418.0	1479.0	52058.0	47714.0	2334.0	2376.0	5283.0	4722.0	14896.0	4003.0	13367.0	10076.0	10705.0	13854.0	404.0	1560.0	723.0	14565.0	11951.0	13608.0	15677.0	9776.0	386.0	2596.0	1769.0	1145.0	3083.0	3192.0	18229.0	14845.0	102.0	37612.0	34065.0
G000023745	6429.0	4217.0	3445.0	1315.0	56.0	73.0	76.0	91.0	77.0	48.0	2895.0	1186.0	2855.0	1197.0	2720.0	2819.0	44.0	175.0	161.0	199.0	3089.0	1970.0	1544.0	295.0	4546.0	2441.0	16.0	29.0	67.0	40.0	4359.0	2664.0	2108.0	2969.0	199.0	184.0	50.0	66.0	278.0	327.0	408.0	462.0	3965.0	4289.0	1616.0	1712.0	4034.0	6984.0	1729.0	7557.0	127.0	70.0	441.0	37.0	138.0	1564.0	4904.0	4011.0	1255.0	4765.0	2291.0	2333.0	635.0	1324.0	1046.0	28.0	156.0	51.0	1654.0	1590.0	798.0	514.0	442.0	30.0	298.0	330.0	82.0	223.0	167.0	80.0	76.0	6.0	134.0	96.0
G000024365	5494.0	3121.0	3940.0	3032.0	4881.0	4818.0	6173.0	4149.0	6282.0	4343.0	3113.0	2272.0	5708.0	5059.0	6509.0	5918.0	8290.0	11713.0	7651.0	10227.0	6080.0	5440.0	4316.0	1327.0	2886.0	2220.0	3256.0	6788.0	7207.0	8278.0	3407.0	2853.0	4481.0	4569.0	5662.0	7199.0	6224.0	4674.0	5261.0	4524.0	5957.0	3798.0	3406.0	3512.0	6071.0	3743.0	3098.0	3680.0	3462.0	2819.0	9181.0	5800.0	106.0	6226.0	10592.0	8129.0	5107.0	12636.0	14688.0	2798.0	1188.0	3492.0	6535.0	3475.0	4770.0	1121.0	3393.0	1727.0	1596.0	2605.0	4943.0	5006.0	6587.0	1531.0	2324.0	3734.0	2582.0	8134.0	8756.0	8540.0	10489.0	39.0	6130.0	5328.0
G000025565	19635.0	14545.0	16818.0	16374.0	83246.0	67728.0	235339.0	135220.0	125606.0	79715.0	27863.0	10388.0	147560.0	88864.0	22655.0	23527.0	131247.0	186371.0	222912.0	233697.0	65059.0	52335.0	71593.0	21258.0	14539.0	31123.0	21405.0	47203.0	69008.0	62376.0	18589.0	15337.0	53968.0	55710.0	208455.0	192716.0	76396.0	75215.0	97800.0	79013.0	138212.0	65737.0	18483.0	23979.0	56313.0	72866.0	5732.0	7970.0	29316.0	35373.0	406255.0	402986.0	319.0	908494.0	975076.0	49444.0	47414.0	70916.0	59851.0	39165.0	14593.0	24414.0	1476.0	1275.0	1541.0	153461.0	618295.0	274594.0	37578.0	33214.0	1433.0	1943.0	1019.0	141951.0	214462.0	367303.0	385.0	396.0	398.0	144503.0	177666.0	399.0	475433.0	444867.0
G000067165	10423.0	6188.0	7356.0	7743.0	6985.0	6265.0	7016.0	5318.0	10762.0	6553.0	5584.0	5311.0	6469.0	5184.0	4768.0	4851.0	6992.0	7796.0	11277.0	12690.0	3992.0	3462.0	7540.0	1041.0	7440.0	9365.0	1353.0	4272.0	12242.0	10440.0	7663.0	5137.0	4313.0	4165.0	7277.0	4810.0	9177.0	8136.0	3404.0	4475.0	3101.0	2135.0	6381.0	7527.0	5918.0	3828.0	6022.0	5682.0	4294.0	3359.0	2184.0	1354.0	176.0	4524.0	7805.0	4022.0	2517.0	7129.0	11728.0	6582.0	1101.0	5190.0	6292.0	5593.0	7580.0	326.0	1974.0	689.0	6508.0	5057.0	8902.0	5980.0	6517.0	411.0	1813.0	3060.0	1307.0	6488.0	6139.0	8676.0	10670.0	94.0	4410.0	4606.0
G000069785	62147.0	30509.0	49591.0	45311.0	11118.0	10462.0	6245.0	4372.0	12903.0	7417.0	44160.0	36314.0	87171.0	93504.0	31168.0	35912.0	9142.0	10378.0	9653.0	13517.0	42728.0	161670.0	89108.0	10721.0	51506.0	50699.0	1132.0	3338.0	6661.0	25138.0	52146.0	61990.0	49255.0	98328.0	11236.0	10715.0	11947.0	10772.0	17565.0	21242.0	59122.0	35915.0	43133.0	118310.0	53087.0	21179.0	37434.0	35289.0	18683.0	130340.0	7819.0	5156.0	11658.0	9475.0	18768.0	25886.0	76323.0	57911.0	46148.0	48477.0	16535.0	39804.0	23512.0	21530.0	63000.0	2609.0	10124.0	10745.0	119474.0	37038.0	39225.0	60435.0	29269.0	45288.0	263942.0	19658.0	4344.0	11891.0	11270.0	5642.0	5900.0	125.0	16180.0	16742.0
G000072485	2051.0	1613.0	1720.0	1620.0	566.0	564.0	389.0	278.0	484.0	481.0	1989.0	1053.0	2262.0	1767.0	2335.0	2725.0	689.0	686.0	1567.0	2190.0	6013.0	6876.0	9225.0	1142.0	3133.0	2531.0	124.0	572.0	979.0	1790.0	1939.0	2156.0	2776.0	3521.0	486.0	876.0	449.0	437.0	18688.0	59259.0	20068.0	4409.0	1938.0	3157.0	1739.0	1378.0	2028.0	2475.0	3436.0	3437.0	669.0	398.0	2457.0	1794.0	5632.0	7587.0	5992.0	20466.0	8916.0	3564.0	3556.0	2895.0	1292.0	1012.0	1445.0	661754.0	3010266.0	1329950.0	3646.0	4010.0	2580.0	14753.0	2857.0	95394.0	632319.0	1674052.0	1495.0	2166.0	2320.0	694.0	722.0	836.0	2425.0	826.0
G000092385	8016.0	6053.0	5823.0	6112.0	7048.0	6903.0	7550.0	4670.0	11884.0	8015.0	5537.0	3666.0	7306.0	5871.0	5360.0	5090.0	13021.0	15922.0	12673.0	14907.0	5157.0	4379.0	5600.0	1147.0	6694.0	7411.0	5965.0	15480.0	14605.0	14374.0	7175.0	5269.0	3942.0	4510.0	6746.0	7148.0	9126.0	8128.0	4235.0	4467.0	4446.0	2994.0	6692.0	6599.0	5994.0	4525.0	5356.0	5566.0	3008.0	4097.0	5994.0	4195.0	538.0	6919.0	10045.0	5051.0	4509.0	7931.0	9022.0	7150.0	1687.0	6423.0	5849.0	4402.0	5984.0	878.0	2158.0	1121.0	5724.0	4813.0	5902.0	5113.0	5095.0	817.0	1972.0	2316.0	1682.0	5717.0	6056.0	14647.0	18189.0	1050.0	9152.0	8252.0
G000144735	274.0	367.0	352.0	340.0	265.0	213.0	274.0	185.0	302.0	153.0	311.0	206.0	460.0	420.0	199.0	299.0	200.0	400.0	340.0	446.0	189.0	353.0	336.0	110.0	369.0	433.0	156.0	167.0	211.0	385.0	234.0	297.0	294.0	189.0	351.0	252.0	156.0	191.0	256.0	454.0	197.0	276.0	421.0	266.0	265.0	268.0	292.0	339.0	218.0	321.0	189.0	208.0	699.0	291.0	305.0	329.0	267.0	505.0	495.0	348.0	201.0	428.0	378.0	316.0	442.0	165.0	387.0	247.0	423.0	202.0	614.0	442.0	670.0	145.0	379.0	584.0	143.0	423.0	317.0	244.0	253.0	650.0	248.0	270.0
G000145515	220.0	328.0	336.0	309.0	250.0	195.0	258.0	172.0	304.0	197.0	272.0	211.0	456.0	379.0	180.0	317.0	241.0	412.0	316.0	422.0	162.0	291.0	314.0	109.0	353.0	399.0	129.0	137.0	177.0	383.0	191.0	280.0	304.0	207.0	313.0	213.0	129.0	183.0	264.0	479.0	190.0	256.0	382.0	234.0	264.0	231.0	218.0	316.0	204.0	264.0	189.0	143.0	616.0	304.0	219.0	249.0	236.0	421.0	432.0	325.0	166.0	366.0	405.0	268.0	401.0	162.0	382.0	237.0	380.0	158.0	592.0	441.0	599.0	155.0	426.0	589.0	113.0	391.0	355.0	204.0	215.0	687.0	204.0	237.0
G000145555	399.0	567.0	520.0	555.0	406.0	372.0	472.0	280.0	469.0	262.0	469.0	370.0	757.0	660.0	333.0	508.0	423.0	636.0	544.0	710.0	291.0	557.0	603.0	211.0	551.0	751.0	206.0	296.0	276.0	598.0	342.0	485.0	549.0	396.0	554.0	382.0	221.0	321.0	456.0	773.0	347.0	501.0	651.0	396.0	490.0	505.0	391.0	563.0	389.0	499.0	317.0	324.0	908.0	497.0	461.0	527.0	503.0	750.0	816.0	509.0	312.0	637.0	642.0	495.0	822.0	299.0	586.0	449.0	754.0	293.0	863.0	773.0	959.0	234.0	726.0	721.0	202.0	642.0	570.0	378.0	419.0	1124.0	399.0	433.0
G000158915	13076.0	9106.0	10099.0	10895.0	13696.0	12948.0	14907.0	8703.0	24166.0	16669.0	9695.0	6341.0	11811.0	9588.0	9383.0	8229.0	23197.0	26923.0	24252.0	27712.0	7890.0	6605.0	9157.0	1661.0	11332.0	13930.0	10109.0	28892.0	30093.0	26909.0	13423.0	8754.0	6101.0	6843.0	13073.0	11720.0	18873.0	16587.0	6424.0	6651.0	7020.0	4425.0	11094.0	11942.0	11024.0	7559.0	9475.0	9724.0	4532.0	6409.0	10011.0	6710.0	148.0	12887.0	17884.0	7490.0	6672.0	12406.0	13038.0	11136.0	2404.0	9870.0	10268.0	8080.0	10538.0	778.0	3382.0	1416.0	10331.0	8556.0	10267.0	9139.0	8581.0	1095.0	3190.0	3567.0	2516.0	9275.0	9896.0	27175.0	33452.0	125.0	17919.0	15701.0
G000184745	21355.0	17442.0	8270.0	13932.0	1218.0	1201.0	1126.0	826.0	1265.0	946.0	15756.0	5883.0	20422.0	9442.0	4518.0	4860.0	1691.0	2630.0	2954.0	4089.0	26358.0	20669.0	28241.0	3576.0	13541.0	9092.0	361.0	693.0	2268.0	5161.0	10106.0	7255.0	41699.0	6569.0	958.0	1636.0	1369.0	1147.0	28558.0	24894.0	6885.0	7819.0	8695.0	8592.0	43064.0	18742.0	10608.0	39718.0	8923.0	15306.0	838.0	693.0	18111.0	2800.0	5188.0	6177.0	8905.0	21019.0	21229.0	13859.0	3311.0	20548.0	16542.0	17123.0	19642.0	1640.0	5586.0	3306.0	10206.0	9598.0	13983.0	10928.0	11024.0	1677.0	9229.0	7670.0	2300.0	6670.0	6381.0	1404.0	1265.0	102.0	3657.0	3498.0
G000191145	2602.0	775.0	2388.0	2270.0	9436.0	11604.0	10653.0	7051.0	10125.0	6891.0	7733.0	3729.0	41403.0	37677.0	6988.0	9862.0	10682.0	6361.0	21126.0	17828.0	18878.0	117287.0	10163.0	4716.0	2477.0	3900.0	8781.0	11122.0	19497.0	4506.0	4702.0	2504.0	310359.0	203407.0	8220.0	11886.0	6147.0	7551.0	17019.0	53030.0	360837.0	40430.0	4040.0	4665.0	22589.0	10919.0	2150.0	2102.0	93731.0	64426.0	18896.0	12318.0	102.0	6108.0	29197.0	3075.0	1103.0	6798.0	14112.0	8344.0	1409.0	2660.0	3148.0	14521.0	30088.0	7727.0	8307.0	4855.0	5308.0	5972.0	2504.0	4142.0	1650.0	309422.0	44257.0	28401.0	313.0	172.0	257.0	21187.0	14815.0	62.0	36417.0	43827.0
G000215745	4147.0	1980.0	3304.0	2758.0	42102.0	41837.0	213020.0	147328.0	90225.0	58123.0	4289.0	2823.0	13354.0	9119.0	8116.0	7409.0	34563.0	55653.0	37291.0	50790.0	11266.0	10528.0	17349.0	2451.0	6208.0	4219.0	12427.0	21411.0	18237.0	22361.0	3698.0	3603.0	10955.0	15772.0	190363.0	208070.0	63960.0	64118.0	21383.0	23193.0	32505.0	9642.0	3610.0	5423.0	7228.0	6078.0	1880.0	2569.0	7705.0	6145.0	557840.0	548905.0	496.0	291103.0	350911.0	31229.0	16903.0	35131.0	17582.0	9894.0	3965.0	5862.0	256.0	307.0	352.0	138627.0	543755.0	212069.0	4833.0	4922.0	451.0	847.0	547.0	274723.0	518965.0	695997.0	466.0	348.0	526.0	64729.0	73932.0	440.0	74981.0	61735.0
G000226955	9054.0	7452.0	6201.0	6694.0	2537.0	2761.0	3398.0	2141.0	3142.0	1851.0	5966.0	4309.0	8664.0	7415.0	5927.0	7868.0	3834.0	3847.0	3802.0	4649.0	5798.0	6162.0	9684.0	1798.0	7235.0	7114.0	1217.0	1904.0	2625.0	3558.0	7116.0	5707.0	16580.0	26380.0	2528.0	3287.0	2051.0	2280.0	171449.0	148238.0	84843.0	48118.0	7563.0	6666.0	6909.0	6360.0	7220.0	9262.0	11358.0	7685.0	2395.0	2036.0	3153.0	3461.0	3649.0	6331.0	6179.0	11095.0	10098.0	7170.0	2891.0	7840.0	8099.0	5337.0	7201.0	1681.0	3179.0	2151.0	6847.0	5894.0	7652.0	6114.0	6655.0	1231.0	3914.0	5231.0	2883.0	8788.0	8452.0	2467.0	2878.0	4171.0	2818.0	3023.0
G000238915	4060.0	2746.0	3588.0	3280.0	6468.0	5423.0	4636.0	2670.0	6232.0	5519.0	2821.0	2113.0	4062.0	3623.0	4234.0	4371.0	4551.0	6117.0	6096.0	8047.0	2342.0	3062.0	2541.0	1058.0	2530.0	5434.0	1031.0	2863.0	5215.0	13394.0	2757.0	2772.0	2307.0	2166.0	2876.0	9464.0	5797.0	4552.0	3937.0	7935.0	1807.0	1260.0	3134.0	2536.0	3458.0	1918.0	2195.0	2359.0	1412.0	2388.0	1630.0	2184.0	105.0	7553.0	17074.0	4707.0	4599.0	6456.0	7526.0	3991.0	881.0	3797.0	3164.0	1992.0	2699.0	474.0	1388.0	709.0	1681.0	2724.0	2667.0	2664.0	2372.0	645.0	904.0	1674.0	2937.0	8132.0	9431.0	3243.0	3999.0	28.0	10862.0	10644.0
G000240185	30062.0	12537.0	21284.0	16187.0	387347.0	376278.0	2058517.0	1429047.0	834424.0	561097.0	20837.0	19968.0	25717.0	20307.0	53961.0	49761.0	273068.0	471569.0	143306.0	184946.0	32540.0	10172.0	35038.0	5412.0	63447.0	23162.0	116484.0	196661.0	93340.0	161738.0	26347.0	22702.0	82476.0	130861.0	1818668.0	2054845.0	621370.0	600384.0	56980.0	38455.0	190033.0	53314.0	21433.0	36126.0	17114.0	15529.0	13847.0	16609.0	48636.0	34433.0	5455826.0	5480113.0	748.0	2283155.0	2627310.0	88080.0	78571.0	55733.0	23278.0	67920.0	22110.0	43859.0	1283.0	1247.0	1373.0	240455.0	1118029.0	502698.0	30713.0	30353.0	2014.0	2743.0	1710.0	414311.0	672321.0	1078110.0	1047.0	845.0	842.0	589738.0	643149.0	1402.0	356796.0	320195.0
G000246855	863.0	459.0	632.0	611.0	335.0	323.0	298.0	224.0	288.0	196.0	550.0	429.0	1348.0	865.0	581.0	827.0	295.0	161.0	480.0	218.0	557.0	504.0	244.0	390.0	387.0	447.0	48.0	126.0	220.0	52.0	656.0	701.0	917.0	541.0	230.0	404.0	227.0	204.0	346.0	154.0	685.0	899.0	763.0	576.0	730.0	748.0	669.0	952.0	863.0	790.0	206.0	209.0	13.0	125.0	634.0	241.0	239.0	636.0	931.0	711.0	329.0	443.0	1226.0	706.0	1188.0	45.0	191.0	87.0	245.0	797.0	1467.0	1385.0	1317.0	35.0	51.0	299.0	601.0	571.0	750.0	196.0	175.0	12.0	488.0	530.0
G000246895	325.0	159.0	530.0	706.0	109845.0	104428.0	5072.0	2266.0	120959.0	78389.0	259.0	209.0	468.0	409.0	711.0	765.0	113949.0	138597.0	122755.0	37970.0	410.0	622.0	242.0	183.0	182.0	469.0	113739.0	153369.0	155814.0	35043.0	1175.0	626.0	477.0	528.0	2876.0	2922.0	66298.0	88904.0	135.0	221.0	493.0	369.0	270.0	309.0	347.0	208.0	225.0	287.0	446.0	316.0	3316.0	2501.0	16.0	1568.0	4569.0	284.0	266.0	345.0	329.0	359.0	203.0	247.0	211.0	165.0	327.0	281.0	2322.0	550.0	208.0	414.0	333.0	304.0	209.0	299.0	190.0	1762.0	71.0	61.0	47.0	115341.0	111353.0	52.0	133023.0	138744.0
G000253295	1571.0	1237.0	1212.0	1324.0	11003.0	10632.0	20701.0	14678.0	6994.0	4846.0	1169.0	998.0	1498.0	1074.0	909.0	1142.0	9270.0	5214.0	11505.0	5179.0	848.0	853.0	1419.0	284.0	1410.0	1553.0	1828.0	2670.0	4800.0	1776.0	1478.0	920.0	733.0	771.0	16266.0	23632.0	7004.0	5270.0	1080.0	1253.0	707.0	525.0	1233.0	1427.0	1090.0	908.0	1140.0	1232.0	698.0	854.0	5122.0	2239.0	630.0	8294.0	2726.0	817.0	667.0	1786.0	1874.0	1382.0	278.0	1293.0	1982.0	1987.0	1968.0	166.0	423.0	194.0	1087.0	1225.0	1884.0	1227.0	1443.0	90.0	303.0	1052.0	305.0	1062.0	1162.0	2375.0	5044.0	191.0	9611.0	13267.0
G000255535	4443.0	3920.0	4711.0	2617.0	92476.0	83333.0	299446.0	207379.0	64292.0	43457.0	9466.0	5378.0	20605.0	47149.0	15089.0	8807.0	72562.0	110692.0	193083.0	114181.0	4467.0	88644.0	9414.0	2963.0	2868.0	7207.0	22803.0	39592.0	53672.0	38764.0	4391.0	6459.0	7679.0	5152.0	320745.0	340723.0	50319.0	45449.0	8259.0	5303.0	11060.0	4180.0	6235.0	6613.0	17162.0	5626.0	1781.0	1396.0	4216.0	2779.0	671828.0	837081.0	77.0	538658.0	945155.0	6591.0	5706.0	27318.0	7852.0	15250.0	6634.0	5690.0	656.0	561.0	945.0	4845.0	14418.0	7056.0	6918.0	11498.0	982.0	978.0	608.0	15354.0	17018.0	62581.0	160.0	143.0	151.0	68216.0	77565.0	187.0	172507.0	186416.0
G000262405	28192.0	17779.0	17917.0	20999.0	5366.0	4792.0	7780.0	4875.0	6302.0	4106.0	14982.0	11636.0	22350.0	14866.0	13986.0	18057.0	9587.0	8116.0	7020.0	8700.0	17103.0	10447.0	27963.0	4983.0	23153.0	24133.0	1881.0	4634.0	6316.0	6513.0	21685.0	14059.0	9700.0	18238.0	6104.0	7112.0	5590.0	4774.0	12465.0	11282.0	9959.0	7011.0	18652.0	20009.0	18228.0	14465.0	14949.0	17966.0	15073.0	16608.0	5652.0	3607.0	4148.0	5941.0	9137.0	17546.0	21139.0	28558.0	36780.0	27074.0	5380.0	18234.0	14849.0	12287.0	15925.0	927.0	4212.0	1477.0	15255.0	14350.0	16886.0	12454.0	13243.0	1050.0	3462.0	5965.0	4103.0	13358.0	12808.0	5030.0	6614.0	1481.0	5081.0	4631.0
G000283655	483192.0	291183.0	290148.0	191592.0	1494.0	1770.0	1708.0	1307.0	1612.0	1255.0	97406.0	117477.0	77304.0	170824.0	157246.0	165332.0	4921.0	2456.0	8233.0	3655.0	336102.0	503839.0	562006.0	34142.0	177292.0	354805.0	1062.0	1400.0	3055.0	2153.0	113747.0	279119.0	180431.0	315101.0	1754.0	1952.0	1482.0	1290.0	1005653.0	1907126.0	1247336.0	1495714.0	156330.0	131217.0	7302.0	37416.0	572219.0	72942.0	100900.0	538481.0	1801.0	1123.0	2465.0	1493.0	2794.0	67708.0	45234.0	105562.0	141014.0	153001.0	67870.0	97745.0	10818.0	15883.0	14072.0	709.0	1100.0	601.0	78336.0	321599.0	25286.0	6318.0	9623.0	321.0	1608.0	4991.0	1303.0	3532.0	3674.0	2139.0	2122.0	566.0	1507.0	1226.0
G000284375	27697.0	15783.0	18540.0	21086.0	11729.0	10889.0	17223.0	10795.0	15600.0	9623.0	14656.0	13913.0	17905.0	13750.0	13208.0	14754.0	19201.0	21653.0	19772.0	21612.0	13440.0	8912.0	22532.0	3207.0	19794.0	23658.0	10223.0	17747.0	17975.0	14008.0	20355.0	13797.0	14843.0	9349.0	14969.0	12012.0	14819.0	10492.0	11533.0	12825.0	12035.0	7719.0	18695.0	20648.0	13487.0	10978.0	17866.0	18868.0	12688.0	11073.0	15945.0	9063.0	141407.0	12970.0	17778.0	17162.0	10381.0	22900.0	30142.0	24104.0	4127.0	18691.0	29054.0	21470.0	25149.0	1110.0	5857.0	2075.0	15552.0	14171.0	36027.0	20432.0	26155.0	1141.0	3964.0	5820.0	5225.0	23668.0	23096.0	17204.0	26078.0	541.0	8705.0	6548.0
G000297395	9200.0	5161.0	6687.0	6605.0	7248.0	6823.0	6792.0	4438.0	11785.0	7457.0	4779.0	4222.0	7886.0	5531.0	5882.0	5696.0	9825.0	12594.0	12617.0	14546.0	6735.0	4241.0	8083.0	1327.0	5735.0	6795.0	4792.0	11476.0	13179.0	13390.0	6565.0	4883.0	4284.0	4516.0	6169.0	6260.0	9659.0	7664.0	4529.0	4940.0	4577.0	3157.0	5768.0	6040.0	6293.0	4808.0	6324.0	5993.0	4800.0	4216.0	4981.0	2799.0	190.0	5457.0	8650.0	7253.0	4051.0	11458.0	14988.0	6876.0	1452.0	5739.0	8556.0	6650.0	8626.0	962.0	3149.0	1417.0	4706.0	4731.0	8805.0	6548.0	7447.0	1189.0	2098.0	3533.0	1957.0	8356.0	8182.0	10432.0	15359.0	89.0	6968.0	6494.0
G000328565	20609.0	12490.0	13950.0	15685.0	12882.0	12726.0	11364.0	7012.0	16289.0	10471.0	13546.0	10989.0	19100.0	13959.0	14006.0	13886.0	11456.0	15399.0	18901.0	23507.0	9742.0	7231.0	15349.0	3108.0	15691.0	17393.0	4447.0	9605.0	17912.0	14389.0	19019.0	11510.0	8295.0	7422.0	8544.0	9850.0	14733.0	12271.0	7985.0	8406.0	6648.0	4029.0	15064.0	17041.0	13270.0	12302.0	14641.0	16263.0	8075.0	9279.0	6557.0	4597.0	117.0	11861.0	17047.0	10416.0	7686.0	19468.0	26139.0	12191.0	2429.0	8651.0	20668.0	14618.0	18252.0	2820.0	6394.0	3983.0	11517.0	12972.0	23446.0	17079.0	19765.0	3193.0	3597.0	5740.0	3120.0	16412.0	17752.0	12505.0	16444.0	33.0	13964.0	11575.0
G000340885	591.0	363.0	695.0	913.0	60516.0	51291.0	12537.0	15102.0	130657.0	67533.0	568.0	458.0	683.0	625.0	587.0	616.0	48458.0	59143.0	87104.0	22725.0	580.0	737.0	300.0	242.0	352.0	862.0	64720.0	104331.0	106815.0	25469.0	1414.0	985.0	1044.0	863.0	15692.0	38641.0	57709.0	62469.0	224.0	322.0	898.0	418.0	586.0	644.0	472.0	395.0	600.0	515.0	996.0	534.0	14421.0	12487.0	13.0	3599.0	12212.0	279.0	213.0	514.0	422.0	810.0	295.0	469.0	329.0	342.0	568.0	754.0	3894.0	1614.0	350.0	738.0	1137.0	394.0	301.0	548.0	331.0	3418.0	99.0	99.0	59.0	125558.0	129563.0	46.0	118889.0	143775.0
G000349845	7790.0	6847.0	6040.0	3569.0	34345.0	38537.0	849.0	616.0	16109.0	9848.0	4891.0	3084.0	3704.0	3157.0	8112.0	4973.0	21319.0	1901.0	92819.0	155759.0	11557.0	10395.0	16460.0	1998.0	4497.0	6432.0	351.0	1040.0	2125.0	3483.0	5102.0	5558.0	10761.0	33605.0	19732.0	1228.0	14252.0	17254.0	265012.0	85922.0	79865.0	76560.0	6323.0	8991.0	1961.0	1865.0	9807.0	8668.0	6094.0	81958.0	41453.0	9632.0	2339.0	1610.0	31341.0	8645.0	18723.0	65707.0	30041.0	15975.0	2367.0	15473.0	1718.0	1847.0	3036.0	8538.0	29482.0	8954.0	10994.0	7209.0	2946.0	4932.0	1930.0	35859.0	73509.0	36073.0	296.0	759.0	836.0	46020.0	39876.0	135.0	18108.0	1629.0
G000349945	32583.0	23159.0	27485.0	19955.0	1052.0	1289.0	1037.0	681.0	1033.0	658.0	16348.0	11695.0	11680.0	7293.0	3480.0	2836.0	1667.0	2492.0	2578.0	3134.0	15036.0	12647.0	20945.0	2295.0	22817.0	17027.0	170.0	462.0	1067.0	934.0	27052.0	19362.0	7476.0	4235.0	896.0	1080.0	1047.0	1043.0	3274.0	3794.0	8451.0	6108.0	30820.0	24137.0	7438.0	4013.0	21757.0	29278.0	5801.0	11407.0	929.0	571.0	2848.0	833.0	1762.0	5259.0	4517.0	10914.0	3769.0	52877.0	16221.0	50905.0	10000.0	14565.0	19081.0	286.0	1054.0	571.0	23767.0	16494.0	13104.0	9839.0	8972.0	262.0	1926.0	1579.0	1727.0	5559.0	5360.0	1545.0	1301.0	67.0	1230.0	1087.0
G000373665	7104.0	4386.0	4881.0	5119.0	5789.0	5308.0	5457.0	3496.0	8327.0	5445.0	4346.0	3316.0	6105.0	4897.0	5045.0	4597.0	8207.0	10704.0	9874.0	11639.0	4409.0	3301.0	5684.0	997.0	4811.0	5643.0	3530.0	9152.0	10412.0	10776.0	5654.0	3774.0	3270.0	4310.0	4752.0	5579.0	7428.0	6111.0	3988.0	4231.0	3641.0	2352.0	5081.0	5461.0	5168.0	3820.0	4877.0	4832.0	3243.0	3343.0	4372.0	2657.0	114.0	5492.0	8528.0	4716.0	3689.0	8129.0	10076.0	5479.0	1088.0	4821.0	6181.0	4588.0	5666.0	774.0	2242.0	992.0	4233.0	4298.0	6016.0	5129.0	5423.0	854.0	1646.0	2996.0	1556.0	5725.0	6019.0	9717.0	11948.0	63.0	6754.0	6106.0
G000379145	30826.0	18296.0	20344.0	22711.0	13386.0	13394.0	18869.0	11733.0	17383.0	11261.0	17355.0	14576.0	21941.0	16597.0	14432.0	18267.0	18537.0	22421.0	22640.0	25847.0	14451.0	10924.0	23960.0	3432.0	20198.0	24674.0	9381.0	18154.0	21976.0	17465.0	22135.0	15494.0	13452.0	11120.0	15485.0	13016.0	15558.0	12845.0	12189.0	16445.0	13674.0	8523.0	20984.0	22491.0	16520.0	12976.0	20568.0	21135.0	13002.0	12222.0	13288.0	8353.0	6894132.0	14275.0	19412.0	15682.0	10350.0	25853.0	33625.0	24630.0	4604.0	20501.0	25218.0	18450.0	33533.0	2265.0	7533.0	3187.0	16758.0	17020.0	33651.0	21734.0	26423.0	2074.0	5676.0	7673.0	5914.0	24555.0	25612.0	18439.0	25421.0	1255.0	11307.0	8684.0
G000379645	18242.0	8237.0	12178.0	13123.0	10762.0	9452.0	9175.0	6667.0	12364.0	7214.0	7467.0	8242.0	12765.0	9053.0	8842.0	9777.0	12764.0	17793.0	15027.0	22876.0	14472.0	8342.0	12622.0	2800.0	8899.0	9977.0	4157.0	8709.0	11284.0	13405.0	10641.0	8044.0	9129.0	7847.0	9108.0	9750.0	12624.0	8415.0	10579.0	10120.0	10627.0	6645.0	8033.0	10941.0	8975.0	6387.0	8704.0	8900.0	11441.0	6559.0	10008.0	4516.0	191.0	6848.0	12185.0	18365.0	7089.0	26499.0	35911.0	11514.0	2140.0	10067.0	14173.0	9999.0	13100.0	1240.0	6324.0	2199.0	6115.0	8041.0	14794.0	11313.0	15402.0	1566.0	4312.0	7010.0	3613.0	19362.0	15863.0	11714.0	17224.0	132.0	6321.0	5487.0
G000379885	11766.0	7748.0	8702.0	8821.0	9941.0	9324.0	10617.0	6623.0	16584.0	11385.0	7214.0	5459.0	9848.0	8181.0	8595.0	6934.0	16767.0	20738.0	17891.0	20983.0	7563.0	5462.0	8112.0	1532.0	8844.0	10883.0	7720.0	19899.0	21411.0	19183.0	10478.0	7090.0	5425.0	5653.0	9424.0	9053.0	13530.0	11637.0	5393.0	6415.0	6276.0	3973.0	8544.0	9217.0	8805.0	6257.0	8326.0	8152.0	4481.0	5154.0	7357.0	4626.0	229.0	8868.0	13228.0	7255.0	5976.0	11715.0	16352.0	9845.0	1908.0	8409.0	9086.0	7131.0	9229.0	979.0	3085.0	1466.0	8144.0	6536.0	9193.0	7790.0	7558.0	1054.0	2697.0	3619.0	2173.0	8292.0	8424.0	19050.0	25328.0	123.0	11305.0	10285.0
G000381585	5127.0	3109.0	3456.0	3688.0	2471.0	2258.0	3811.0	2324.0	3079.0	2037.0	3285.0	2309.0	4043.0	3421.0	2708.0	2791.0	2232.0	2773.0	3038.0	4094.0	2732.0	2175.0	2468.0	598.0	3744.0	2805.0	808.0	1812.0	2588.0	1659.0	3822.0	3064.0	2192.0	2028.0	3054.0	2680.0	2465.0	2262.0	1518.0	1380.0	2076.0	1123.0	3714.0	3681.0	3218.0	2430.0	2614.0	3391.0	1668.0	2171.0	1973.0	1455.0	65.0	2920.0	3834.0	2194.0	1510.0	3498.0	3957.0	3758.0	1147.0	2630.0	3469.0	2872.0	4044.0	217.0	1118.0	529.0	3157.0	2922.0	4418.0	3391.0	3833.0	221.0	569.0	732.0	1276.0	3429.0	3377.0	2070.0	2849.0	22.0	2614.0	2426.0
G000383315	3429.0	1860.0	2507.0	2115.0	3699.0	3092.0	3247.0	3359.0	5004.0	3103.0	2107.0	1496.0	6678.0	4897.0	4176.0	3934.0	3978.0	4058.0	4280.0	6823.0	3010.0	2317.0	3485.0	1008.0	1775.0	2423.0	1093.0	2325.0	4152.0	11977.0	1995.0	1716.0	4154.0	3097.0	2002.0	7914.0	3870.0	3321.0	9202.0	3442.0	1874.0	1050.0	1913.0	1826.0	4321.0	3384.0	2953.0	3199.0	3815.0	3128.0	2544.0	2105.0	49.0	4124.0	4503.0	3197.0	2212.0	7816.0	12019.0	1808.0	541.0	1860.0	5107.0	2449.0	3272.0	718.0	4092.0	1046.0	1254.0	1749.0	3557.0	4332.0	6035.0	694.0	1285.0	2458.0	1170.0	4898.0	5371.0	3863.0	3797.0	23.0	3393.0	3368.0
G000389635	656.0	367.0	4340.0	6222.0	572807.0	541515.0	10682.0	4382.0	1442120.0	889977.0	854.0	808.0	1079.0	964.0	3460.0	3446.0	470546.0	590218.0	727958.0	259356.0	1897.0	2518.0	1169.0	1137.0	498.0	943.0	1135147.0	1075969.0	1125771.0	252864.0	10258.0	5441.0	1888.0	1680.0	5632.0	5243.0	780042.0	1029945.0	857.0	1023.0	2494.0	1904.0	732.0	814.0	758.0	735.0	643.0	868.0	1828.0	1591.0	6717.0	4557.0	102.0	3833.0	8255.0	1752.0	1659.0	1221.0	1371.0	1768.0	1231.0	1417.0	1356.0	1380.0	1353.0	905.0	4575.0	1651.0	1075.0	1346.0	1278.0	1135.0	580.0	954.0	757.0	3339.0	505.0	547.0	183.0	1140520.0	1070421.0	265.0	1554751.0	1830105.0
G000423665	52552.0	32657.0	40087.0	29216.0	23925.0	22676.0	27341.0	17897.0	24788.0	16320.0	28989.0	26837.0	67170.0	50208.0	43652.0	40501.0	16129.0	29077.0	25764.0	38939.0	38283.0	26153.0	35247.0	6558.0	23855.0	37366.0	6675.0	15714.0	23702.0	35533.0	37172.0	25824.0	31752.0	31793.0	20615.0	25285.0	26485.0	20169.0	23623.0	24299.0	25579.0	15367.0	33931.0	33265.0	45918.0	38787.0	46067.0	46248.0	34962.0	22770.0	13951.0	9822.0	165.0	19859.0	35743.0	36486.0	21984.0	69538.0	117062.0	40925.0	5915.0	20416.0	72315.0	48830.0	64836.0	3621.0	25268.0	8090.0	18735.0	22206.0	64143.0	51068.0	64347.0	4039.0	17021.0	21906.0	7544.0	46057.0	52004.0	17286.0	23146.0	174.0	21612.0	19696.0
G000426045	8043.0	5174.0	5059.0	4926.0	6340.0	6102.0	5487.0	3314.0	5980.0	4404.0	5303.0	4042.0	13370.0	10457.0	10613.0	9923.0	5570.0	8664.0	6658.0	10071.0	7306.0	5777.0	7528.0	1808.0	4648.0	4652.0	1738.0	4429.0	6435.0	10891.0	5686.0	4390.0	5964.0	6247.0	3810.0	6971.0	6487.0	4957.0	5493.0	4541.0	4611.0	3223.0	5230.0	5496.0	9442.0	7713.0	6804.0	7319.0	5071.0	5610.0	3059.0	2634.0	82.0	5826.0	10859.0	9304.0	6375.0	18894.0	25954.0	4519.0	1309.0	3915.0	16716.0	8256.0	10778.0	1271.0	5678.0	2439.0	3366.0	4611.0	10754.0	10122.0	12560.0	1371.0	3113.0	5036.0	3271.0	14436.0	17370.0	4533.0	6037.0	47.0	7528.0	7094.0
G000426465	737.0	215.0	396.0	449.0	543.0	669.0	620.0	728.0	851.0	687.0	10041.0	475.0	49313.0	11282.0	766.0	11537.0	7189.0	319.0	633.0	286.0	998.0	2342.0	703.0	713.0	809.0	673.0	182.0	278.0	1134.0	127.0	437.0	918.0	1265.0	729.0	1441.0	1409.0	634.0	592.0	2058.0	15558.0	1746.0	484.0	617.0	2100.0	61138.0	37556.0	600.0	5633.0	79116.0	1722.0	520.0	437.0	4.0	155.0	1175.0	206.0	842.0	1074.0	7084.0	1685.0	263.0	452.0	304.0	149.0	442.0	106.0	378.0	201.0	785.0	998.0	439.0	369.0	311.0	192.0	261.0	536.0	110.0	65.0	76.0	519.0	586.0	6.0	1171.0	1061.0
G000428165	19.0	11.0	17.0	32.0	2601.0	1969.0	966.0	652.0	2622.0	1396.0	20.0	14.0	21.0	3.0	38.0	37.0	654.0	1226.0	1494.0	247.0	0.0	11.0	5.0	5.0	10.0	42.0	805.0	1037.0	1113.0	771.0	41.0	39.0	24.0	20.0	747.0	2889.0	1601.0	1538.0	4.0	9.0	26.0	12.0	13.0	35.0	22.0	10.0	32.0	10.0	31.0	9.0	142.0	614.0	0.0	289.0	1081.0	6.0	5.0	34.0	31.0	20.0	8.0	16.0	31.0	10.0	46.0	20.0	131.0	36.0	5.0	15.0	51.0	47.0	26.0	2.0	3.0	72.0	24.0	15.0	35.0	1168.0	1250.0	0.0	2841.0	3988.0
G000430725	113445.0	53419.0	31537.0	65106.0	2992.0	2880.0	2813.0	2025.0	2788.0	1888.0	69453.0	22951.0	106834.0	42001.0	6737.0	6319.0	2515.0	4822.0	6127.0	7592.0	82367.0	110122.0	82648.0	11745.0	46738.0	52237.0	624.0	1440.0	3021.0	7365.0	32150.0	22218.0	64722.0	106996.0	2395.0	6144.0	2828.0	2406.0	172279.0	176686.0	13123.0	96248.0	44580.0	24850.0	202344.0	162085.0	36847.0	111834.0	40388.0	73024.0	2347.0	1919.0	51682.0	4309.0	9960.0	7067.0	7474.0	16145.0	10998.0	85521.0	17225.0	81333.0	30297.0	24550.0	29157.0	1132.0	3791.0	1862.0	39190.0	29248.0	33170.0	28053.0	26680.0	923.0	8821.0	6341.0	10606.0	30697.0	24343.0	2932.0	3273.0	146.0	4291.0	4381.0
G000444875	12297.0	8136.0	7875.0	8726.0	10899.0	9780.0	11288.0	6690.0	15107.0	9985.0	7240.0	5251.0	9690.0	7869.0	9187.0	8005.0	17109.0	22037.0	15889.0	21575.0	8729.0	7620.0	7604.0	1764.0	9041.0	10250.0	7636.0	18935.0	17914.0	22359.0	9824.0	6593.0	7943.0	6780.0	9118.0	12972.0	13332.0	10734.0	9760.0	12006.0	13779.0	16003.0	8816.0	9183.0	8385.0	5916.0	7082.0	6874.0	4321.0	5141.0	11318.0	7359.0	142.0	11997.0	19824.0	10212.0	9324.0	12826.0	14776.0	12029.0	2880.0	10264.0	10330.0	8100.0	9753.0	920.0	2757.0	1225.0	7952.0	7599.0	9412.0	8675.0	8348.0	1179.0	2162.0	3644.0	3462.0	10717.0	11076.0	17957.0	21703.0	73.0	14612.0	13395.0
G000454045	1264.0	1027.0	1094.0	952.0	878.0	903.0	772.0	510.0	1021.0	671.0	980.0	739.0	1785.0	1437.0	1287.0	1530.0	932.0	1202.0	3936.0	5407.0	1149.0	901.0	5580.0	1450.0	928.0	1140.0	356.0	766.0	3575.0	2938.0	1052.0	855.0	687.0	765.0	730.0	935.0	1005.0	754.0	2938.0	4248.0	678.0	412.0	987.0	959.0	1229.0	1006.0	3963.0	7064.0	3941.0	5632.0	612.0	387.0	156.0	3057.0	6159.0	964.0	791.0	10459.0	11673.0	1141.0	346.0	811.0	26355.0	16975.0	17900.0	15988.0	3218.0	14743.0	1936.0	1811.0	16453.0	28695.0	11535.0	18873.0	7426.0	13513.0	452.0	1664.0	1740.0	793.0	1106.0	36.0	4574.0	3988.0
G000455385	7610.0	5405.0	6104.0	3971.0	37827.0	42613.0	596.0	455.0	17768.0	10856.0	3892.0	3269.0	3445.0	3378.0	6057.0	6342.0	23041.0	1657.0	102569.0	173116.0	3680.0	5118.0	7123.0	1018.0	5512.0	5101.0	311.0	1020.0	2270.0	4063.0	6049.0	4837.0	54254.0	33120.0	21701.0	1508.0	15781.0	19343.0	28200.0	28265.0	14601.0	20654.0	6258.0	5875.0	2120.0	2067.0	7914.0	6709.0	12675.0	17969.0	43771.0	9669.0	3281.0	1419.0	32957.0	13888.0	40508.0	25459.0	27073.0	10150.0	3444.0	10676.0	2136.0	3394.0	7223.0	59264.0	166872.0	31827.0	7922.0	6839.0	4319.0	4365.0	2835.0	27790.0	97924.0	225040.0	463.0	994.0	1072.0	52080.0	45689.0	499.0	19435.0	1619.0
G000466585	3814.0	1591.0	2697.0	3948.0	8518.0	8307.0	107403.0	57237.0	16996.0	8970.0	3968.0	2663.0	6296.0	5369.0	3188.0	3558.0	13099.0	10973.0	16172.0	9184.0	2702.0	6449.0	830.0	799.0	2413.0	6772.0	6775.0	12454.0	14114.0	2284.0	3619.0	3481.0	7432.0	5647.0	55790.0	63791.0	8777.0	9027.0	1509.0	2886.0	5206.0	2398.0	3777.0	4130.0	4605.0	3235.0	2006.0	2517.0	4721.0	1908.0	60189.0	48297.0	8.0	21823.0	82730.0	710.0	563.0	1864.0	2971.0	3998.0	1132.0	1852.0	844.0	720.0	1292.0	419.0	2627.0	721.0	2171.0	4800.0	1981.0	1621.0	1324.0	382.0	230.0	2195.0	80.0	60.0	102.0	14875.0	18238.0	32.0	15059.0	15776.0
G000472865	34179.0	19198.0	22815.0	26815.0	22740.0	20187.0	24294.0	15991.0	34890.0	21013.0	17739.0	17180.0	22525.0	17408.0	15714.0	16510.0	37852.0	40230.0	43365.0	44897.0	17882.0	12725.0	30376.0	4019.0	23123.0	31179.0	17657.0	32642.0	39344.0	30253.0	25238.0	16793.0	14213.0	11869.0	23344.0	16594.0	27800.0	22355.0	13347.0	15002.0	14719.0	9494.0	21591.0	24889.0	17052.0	12677.0	20893.0	20812.0	15907.0	12889.0	19522.0	9773.0	211102.0	18318.0	24845.0	19867.0	10699.0	28162.0	39544.0	32802.0	4430.0	21136.0	24626.0	21608.0	27671.0	1592.0	8566.0	2972.0	20238.0	17754.0	34995.0	21132.0	26218.0	1572.0	5524.0	8248.0	4772.0	24432.0	23483.0	38990.0	56409.0	805.0	18813.0	15573.0
G000473125	29875.0	17047.0	19745.0	22537.0	14013.0	12720.0	20033.0	12703.0	18203.0	11378.0	15718.0	15229.0	19589.0	14650.0	14351.0	15816.0	22946.0	25999.0	23306.0	25768.0	13756.0	9880.0	24438.0	3434.0	21264.0	25880.0	11224.0	21472.0	20205.0	15558.0	22182.0	15262.0	16588.0	10170.0	17221.0	13227.0	16646.0	12832.0	11736.0	13705.0	13408.0	8495.0	19470.0	22194.0	14697.0	11669.0	19530.0	20033.0	13396.0	11862.0	17854.0	10027.0	183315.0	15026.0	19932.0	17935.0	11869.0	25032.0	31522.0	26410.0	4375.0	20328.0	30499.0	22398.0	26081.0	1136.0	6037.0	2295.0	17322.0	16000.0	38652.0	22444.0	27922.0	1196.0	4328.0	6395.0	5425.0	25321.0	24678.0	21632.0	31738.0	708.0	9912.0	6793.0
G000473995	622.0	320.0	648.0	930.0	39314.0	32712.0	11601.0	13454.0	105572.0	66004.0	550.0	456.0	740.0	655.0	548.0	530.0	35332.0	40142.0	56957.0	16683.0	589.0	849.0	312.0	222.0	400.0	887.0	67778.0	104119.0	86745.0	23444.0	1230.0	927.0	954.0	792.0	12109.0	30458.0	50201.0	68637.0	205.0	270.0	746.0	462.0	576.0	620.0	552.0	428.0	641.0	590.0	819.0	530.0	12936.0	10436.0	5.0	3591.0	11462.0	259.0	236.0	530.0	393.0	785.0	311.0	433.0	317.0	296.0	458.0	706.0	4307.0	1393.0	295.0	782.0	531.0	357.0	243.0	573.0	326.0	2993.0	62.0	113.0	101.0	94120.0	103488.0	38.0	103560.0	104260.0
G000482325	2029.0	1023.0	1872.0	1588.0	14418.0	12330.0	6844.0	4551.0	17138.0	9412.0	1175.0	1364.0	1291.0	1123.0	1967.0	1854.0	8387.0	12005.0	18809.0	10119.0	654.0	1089.0	203.0	164.0	740.0	1442.0	3138.0	4872.0	5937.0	2360.0	1411.0	1626.0	1794.0	1697.0	4662.0	16449.0	10678.0	9680.0	239.0	368.0	1278.0	587.0	1592.0	1667.0	779.0	871.0	1536.0	2491.0	1529.0	704.0	2156.0	3791.0	11.0	1828.0	18151.0	532.0	314.0	2013.0	2770.0	1027.0	426.0	624.0	1467.0	782.0	1797.0	1187.0	5122.0	1648.0	567.0	1347.0	2088.0	2543.0	1844.0	385.0	257.0	2328.0	320.0	326.0	602.0	11198.0	9765.0	5.0	21159.0	25250.0
G000497245	738.0	519.0	3066.0	5701.0	441189.0	323980.0	1924.0	1169.0	714685.0	840569.0	649.0	1339.0	1010.0	771.0	2695.0	1983.0	465067.0	580741.0	711921.0	235576.0	2184.0	2007.0	1996.0	1457.0	450.0	572.0	2745305.0	3506695.0	3351700.0	1735516.0	8852.0	6910.0	1288.0	1187.0	755.0	893.0	530285.0	996015.0	1761.0	1721.0	3067.0	2399.0	893.0	999.0	475.0	875.0	503.0	691.0	1068.0	1342.0	1685.0	711.0	43.0	2036.0	2210.0	2648.0	2098.0	1961.0	2322.0	2270.0	1757.0	1758.0	1571.0	1740.0	1542.0	827.0	2465.0	1097.0	1961.0	2282.0	1363.0	1390.0	478.0	886.0	735.0	1533.0	320.0	379.0	277.0	549114.0	554039.0	193.0	1483414.0	3856258.0
G000513215	1899.0	1250.0	1060.0	1574.0	4211.0	3817.0	12539.0	9034.0	5812.0	3912.0	1112.0	927.0	4494.0	2935.0	1634.0	1978.0	2846.0	6163.0	7129.0	8646.0	2828.0	4267.0	4038.0	1009.0	1468.0	1896.0	584.0	1818.0	2612.0	2288.0	1000.0	843.0	1055.0	1123.0	12945.0	13115.0	4042.0	4080.0	1774.0	1486.0	2297.0	1377.0	1120.0	1841.0	2000.0	1727.0	857.0	815.0	575.0	2687.0	20447.0	21809.0	276.0	22000.0	28574.0	7257.0	7854.0	5823.0	8219.0	2597.0	573.0	1841.0	252.0	192.0	286.0	23034.0	110814.0	36656.0	1181.0	1269.0	337.0	505.0	288.0	122881.0	91466.0	53717.0	119.0	217.0	224.0	5307.0	5008.0	90.0	8707.0	7982.0
G000527015	687.0	393.0	1019.0	1519.0	37223.0	29778.0	17424.0	12162.0	37232.0	22347.0	647.0	526.0	801.0	632.0	713.0	983.0	9034.0	10803.0	19520.0	8158.0	930.0	1895.0	185.0	160.0	466.0	1482.0	5464.0	10503.0	13328.0	7052.0	989.0	772.0	456.0	315.0	9459.0	33714.0	25235.0	22338.0	110.0	103.0	436.0	207.0	1185.0	586.0	752.0	324.0	1141.0	1505.0	684.0	265.0	2009.0	3173.0	17.0	3411.0	27256.0	191.0	151.0	542.0	875.0	1396.0	319.0	798.0	2317.0	1957.0	3511.0	154.0	889.0	304.0	288.0	604.0	3222.0	2952.0	2646.0	151.0	165.0	586.0	635.0	513.0	1094.0	12488.0	13024.0	14.0	35114.0	42207.0
G000620185	13385.0	9674.0	10389.0	6833.0	9508.0	7970.0	7594.0	4930.0	10653.0	7032.0	6426.0	5828.0	14716.0	11955.0	12951.0	11401.0	13323.0	20584.0	13103.0	20981.0	14574.0	11742.0	9514.0	2246.0	6040.0	6787.0	6370.0	12228.0	12665.0	20734.0	7321.0	6115.0	9114.0	8489.0	7192.0	9857.0	10938.0	8164.0	10036.0	8860.0	12096.0	7222.0	8091.0	7127.0	12848.0	8546.0	7618.0	7861.0	6843.0	4358.0	8430.0	6030.0	101.0	9196.0	16441.0	16681.0	10960.0	23339.0	26883.0	10088.0	3162.0	10161.0	14443.0	11663.0	14622.0	1427.0	5922.0	2359.0	4391.0	4913.0	11849.0	10436.0	12302.0	1811.0	4387.0	6454.0	4686.0	16455.0	16988.0	11622.0	16107.0	61.0	10563.0	10487.0
G000620485	2890.0	2180.0	2285.0	1993.0	919.0	1024.0	715.0	526.0	782.0	596.0	1739.0	1331.0	2125.0	1707.0	1354.0	1313.0	1550.0	1421.0	2105.0	2789.0	1855.0	1829.0	4612.0	667.0	2608.0	2567.0	173.0	463.0	871.0	1098.0	2300.0	1794.0	4546.0	2932.0	706.0	794.0	803.0	741.0	13495.0	14651.0	28835.0	17314.0	2216.0	2167.0	2075.0	1428.0	2459.0	2460.0	2991.0	4125.0	859.0	464.0	1710.0	935.0	1820.0	1611.0	1235.0	3925.0	3160.0	3415.0	943.0	4748.0	1843.0	1619.0	2111.0	536.0	2513.0	1420.0	3506.0	2523.0	2601.0	1988.0	2181.0	356.0	2755.0	3779.0	597.0	1726.0	1942.0	1006.0	1098.0	85.0	1262.0	895.0
G000694955	14073.0	10118.0	11974.0	11602.0	58244.0	48974.0	171332.0	95604.0	90932.0	57380.0	20106.0	7594.0	104900.0	63457.0	16595.0	16894.0	95608.0	139128.0	161196.0	174199.0	47617.0	37249.0	52250.0	15507.0	10417.0	22595.0	15502.0	35080.0	51115.0	49717.0	13893.0	11599.0	38555.0	40012.0	148915.0	140842.0	55734.0	54479.0	72416.0	58354.0	100800.0	46099.0	13182.0	17406.0	41113.0	51810.0	4491.0	5913.0	21088.0	25261.0	295179.0	288186.0	380.0	649566.0	707529.0	35571.0	34331.0	51971.0	44472.0	28771.0	10383.0	16979.0	1017.0	970.0	1224.0	110873.0	448603.0	197276.0	27151.0	24101.0	1098.0	1381.0	750.0	103356.0	160087.0	267852.0	287.0	386.0	359.0	105667.0	130492.0	440.0	341369.0	318581.0
G000697965	22556.0	10971.0	8721.0	10847.0	872.0	845.0	1255.0	831.0	1025.0	760.0	10226.0	7806.0	17590.0	11068.0	16576.0	20775.0	894.0	1328.0	1650.0	1632.0	9656.0	11920.0	22672.0	3362.0	15239.0	13216.0	283.0	627.0	1322.0	1320.0	12749.0	7399.0	13893.0	21364.0	918.0	1135.0	861.0	868.0	6169.0	7202.0	4107.0	5102.0	11373.0	9315.0	17022.0	11435.0	8997.0	16806.0	17417.0	14926.0	663.0	540.0	2196.0	1052.0	1619.0	13158.0	17510.0	25118.0	47125.0	13571.0	2635.0	9251.0	12453.0	7352.0	8968.0	7016.0	27983.0	22566.0	10325.0	10353.0	14406.0	9487.0	10926.0	23272.0	123376.0	95728.0	807.0	3313.0	3549.0	811.0	1121.0	545.0	1108.0	985.0
G000698575	12110.0	8427.0	8714.0	7962.0	10842.0	10041.0	7628.0	5288.0	10862.0	7495.0	7556.0	6260.0	9732.0	8866.0	9779.0	9610.0	19366.0	36612.0	18881.0	17266.0	9113.0	14442.0	12628.0	2107.0	8538.0	8935.0	4033.0	8320.0	9271.0	14458.0	9569.0	8171.0	11329.0	8101.0	8374.0	11829.0	8457.0	8261.0	8611.0	16578.0	15772.0	11727.0	9923.0	10207.0	7670.0	5900.0	8924.0	9824.0	4704.0	5611.0	8120.0	9619.0	6967.0	14596.0	24648.0	8487.0	9119.0	12359.0	14593.0	11553.0	3116.0	12897.0	12886.0	13476.0	14481.0	964.0	3007.0	1304.0	6734.0	6208.0	22393.0	16183.0	16255.0	939.0	4931.0	3558.0	2122.0	6650.0	7558.0	15230.0	12726.0	80.0	18635.0	20156.0
G000717175	19575.0	11702.0	13900.0	12853.0	11594.0	10669.0	11737.0	7355.0	13375.0	9268.0	10259.0	8226.0	14356.0	12120.0	14219.0	12948.0	15974.0	22786.0	16515.0	24704.0	13059.0	11836.0	13351.0	3012.0	12074.0	14251.0	5390.0	12573.0	14834.0	19258.0	14235.0	10005.0	9838.0	9762.0	9859.0	13207.0	12992.0	9849.0	11037.0	10822.0	11930.0	8416.0	12029.0	14141.0	13674.0	9062.0	15713.0	12591.0	8052.0	7890.0	11004.0	6516.0	143.0	11634.0	19819.0	17383.0	11846.0	25718.0	31194.0	18719.0	3790.0	16712.0	17648.0	14582.0	15073.0	2629.0	5733.0	3484.0	8727.0	9806.0	14763.0	13110.0	15061.0	3045.0	5098.0	7131.0	5326.0	15769.0	16367.0	14786.0	18958.0	87.0	11388.0	9989.0
G000718475	11665.0	7665.0	8435.0	9066.0	10322.0	8814.0	10484.0	6429.0	17121.0	11398.0	7212.0	5499.0	9320.0	7655.0	7810.0	7060.0	18746.0	22321.0	19299.0	22439.0	6814.0	5507.0	8220.0	1430.0	8572.0	10581.0	9378.0	25034.0	24524.0	21796.0	10212.0	6547.0	5724.0	5495.0	9593.0	8650.0	14081.0	11264.0	5363.0	5828.0	6055.0	3778.0	8317.0	9302.0	8459.0	5952.0	7952.0	7736.0	4723.0	5066.0	7658.0	4882.0	209.0	9360.0	13530.0	7474.0	5396.0	11872.0	14292.0	10280.0	1947.0	7809.0	8878.0	7133.0	9468.0	1009.0	3172.0	1247.0	7536.0	6625.0	9366.0	7983.0	8022.0	1069.0	2599.0	4178.0	2039.0	8730.0	8537.0	21776.0	27305.0	244.0	12678.0	10928.0
G000735515	2351.0	1712.0	2131.0	2004.0	10862.0	9551.0	75479.0	40480.0	14818.0	9874.0	3304.0	1384.0	14980.0	9850.0	18309.0	5438.0	15134.0	21949.0	28058.0	29923.0	7726.0	5433.0	9811.0	2566.0	2174.0	3773.0	2375.0	5450.0	9873.0	7404.0	2869.0	2516.0	6000.0	6806.0	42551.0	49544.0	10150.0	9937.0	10466.0	7660.0	14812.0	6843.0	2503.0	3332.0	6452.0	8526.0	997.0	1195.0	4372.0	4684.0	78236.0	75836.0	103.0	135144.0	178288.0	9296.0	6955.0	40319.0	11931.0	4545.0	2182.0	2932.0	230.0	275.0	304.0	27353.0	80746.0	31095.0	4356.0	4361.0	277.0	390.0	200.0	33446.0	30544.0	102928.0	93.0	108.0	126.0	17421.0	21754.0	74.0	53218.0	49564.0
G000745425	558.0	466.0	451.0	522.0	3540.0	23456.0	248.0	168.0	11238.0	7287.0	293.0	303.0	474.0	320.0	329.0	458.0	9718.0	2163.0	4623.0	17811.0	290.0	289.0	556.0	81.0	446.0	509.0	967.0	2542.0	22545.0	8759.0	560.0	428.0	231.0	287.0	173.0	237.0	10892.0	14162.0	274.0	345.0	307.0	314.0	446.0	530.0	403.0	347.0	424.0	477.0	260.0	340.0	165.0	153.0	776.0	195.0	351.0	310.0	224.0	667.0	649.0	520.0	143.0	478.0	512.0	337.0	431.0	37.0	181.0	71.0	446.0	433.0	504.0	324.0	402.0	33.0	105.0	446.0	112.0	389.0	344.0	4934.0	326.0	117.0	7425.0	3298.0
G000745475	19787.0	7681.0	6476.0	10648.0	1516.0	1563.0	2417.0	1525.0	1958.0	1322.0	8291.0	5910.0	14000.0	8672.0	8372.0	13566.0	1834.0	2342.0	2541.0	3083.0	7651.0	8496.0	20640.0	3213.0	14423.0	10292.0	570.0	1520.0	2581.0	2444.0	13873.0	5867.0	18983.0	12493.0	1842.0	1698.0	1864.0	1542.0	12420.0	12062.0	3256.0	5981.0	10913.0	9163.0	13254.0	11123.0	5948.0	11368.0	13524.0	14242.0	1253.0	871.0	7243.0	2303.0	3112.0	8706.0	10279.0	11787.0	29538.0	11725.0	2195.0	8212.0	7448.0	6315.0	6377.0	489.0	1485.0	984.0	5686.0	7496.0	8110.0	6627.0	6360.0	1019.0	4764.0	4371.0	999.0	4207.0	4092.0	1584.0	2183.0	899.0	1879.0	1460.0
G000746135	255.0	295.0	495.0	519.0	17495.0	15040.0	5664.0	4168.0	25493.0	15793.0	377.0	455.0	1150.0	1513.0	557.0	814.0	7905.0	10626.0	13350.0	5062.0	263.0	675.0	133.0	151.0	304.0	973.0	7336.0	9728.0	15055.0	5042.0	485.0	472.0	716.0	611.0	3934.0	9263.0	15677.0	15602.0	102.0	194.0	383.0	148.0	466.0	450.0	1006.0	534.0	309.0	306.0	468.0	234.0	2186.0	3289.0	8.0	1495.0	8225.0	100.0	109.0	247.0	759.0	670.0	197.0	244.0	1170.0	693.0	1736.0	1039.0	4206.0	1582.0	373.0	280.0	1532.0	1583.0	1214.0	214.0	154.0	1932.0	165.0	144.0	303.0	14296.0	15288.0	15.0	26648.0	29552.0
G000770795	2536.0	1786.0	1966.0	1598.0	706.0	776.0	628.0	493.0	614.0	479.0	1278.0	1035.0	1978.0	1364.0	1207.0	1204.0	790.0	893.0	2168.0	2371.0	1793.0	1138.0	11175.0	1543.0	5124.0	4685.0	189.0	365.0	1515.0	2352.0	1695.0	1370.0	1295.0	1094.0	520.0	723.0	786.0	539.0	2640.0	2354.0	1255.0	929.0	1735.0	1702.0	1849.0	1345.0	2443.0	2568.0	1488.0	2168.0	479.0	349.0	1029.0	2034.0	3517.0	1591.0	1101.0	8544.0	6001.0	2279.0	582.0	3192.0	3248.0	2247.0	2876.0	471.0	2058.0	986.0	3871.0	3017.0	6803.0	5818.0	5612.0	313.0	1406.0	3096.0	2098.0	4343.0	4185.0	713.0	789.0	32.0	2212.0	1417.0
G000785495	17116.0	9351.0	7008.0	11069.0	4170.0	3986.0	3827.0	2493.0	4164.0	2937.0	5537.0	7564.0	14515.0	8662.0	8868.0	10434.0	3912.0	6183.0	4792.0	6634.0	7247.0	5138.0	10717.0	1594.0	16552.0	15293.0	1180.0	3375.0	5125.0	7103.0	19662.0	5194.0	3972.0	4132.0	2761.0	4491.0	4549.0	3631.0	3439.0	3116.0	3435.0	2246.0	6248.0	4979.0	8764.0	9479.0	18388.0	23693.0	3193.0	3698.0	2277.0	1663.0	178.0	4050.0	7458.0	6145.0	7870.0	19408.0	18900.0	15151.0	1327.0	4904.0	27755.0	14065.0	17499.0	1039.0	3374.0	1733.0	3651.0	4367.0	18025.0	7845.0	14010.0	1309.0	2244.0	3323.0	2023.0	15787.0	11948.0	3396.0	4287.0	40.0	4930.0	4727.0
G000800935	51491.0	14522.0	11655.0	21002.0	1279.0	1243.0	1917.0	1217.0	1627.0	1087.0	18797.0	10519.0	32364.0	19758.0	12268.0	22058.0	1457.0	1913.0	2299.0	2439.0	15108.0	17742.0	35431.0	6273.0	30286.0	18955.0	508.0	1233.0	2246.0	2028.0	32788.0	9323.0	42702.0	25778.0	1581.0	1582.0	1568.0	1350.0	18711.0	17620.0	2563.0	5836.0	24531.0	15038.0	34041.0	28862.0	10085.0	27789.0	21753.0	29197.0	1164.0	781.0	7452.0	2012.0	2614.0	17288.0	15809.0	15679.0	47516.0	19768.0	4010.0	11660.0	9315.0	10944.0	8480.0	448.0	1174.0	679.0	6398.0	11508.0	10413.0	8307.0	7890.0	1196.0	4315.0	4233.0	827.0	3443.0	3456.0	1378.0	1711.0	719.0	1505.0	1292.0
G000807255	694.0	321.0	909.0	1051.0	73960.0	70272.0	8915.0	2984.0	155869.0	95804.0	571.0	435.0	815.0	589.0	811.0	775.0	74045.0	82999.0	99646.0	35315.0	700.0	976.0	348.0	275.0	353.0	738.0	152951.0	197343.0	197667.0	44109.0	1578.0	1023.0	799.0	749.0	4279.0	4669.0	86757.0	111414.0	255.0	290.0	861.0	543.0	539.0	573.0	549.0	374.0	376.0	540.0	641.0	484.0	6434.0	3836.0	19.0	3226.0	7066.0	373.0	311.0	532.0	501.0	784.0	338.0	453.0	438.0	381.0	457.0	588.0	4311.0	1084.0	408.0	737.0	488.0	395.0	339.0	687.0	337.0	3052.0	80.0	94.0	92.0	125284.0	126755.0	54.0	172692.0	193161.0
G000824785	25623.0	12985.0	11371.0	14886.0	3018.0	3135.0	4189.0	2505.0	3773.0	2262.0	10896.0	8656.0	13711.0	10336.0	8789.0	9546.0	3056.0	3730.0	4112.0	4958.0	9251.0	7567.0	10925.0	1694.0	16068.0	14798.0	902.0	2030.0	3493.0	3744.0	14816.0	8920.0	12560.0	7041.0	2813.0	3496.0	3469.0	2958.0	11933.0	10493.0	7772.0	5651.0	14228.0	12557.0	10476.0	10355.0	13049.0	13749.0	6542.0	7402.0	2199.0	1531.0	9682.0	3131.0	5117.0	8318.0	7717.0	14602.0	18538.0	13321.0	3594.0	13002.0	23775.0	13260.0	17360.0	948.0	4509.0	5583.0	10597.0	10874.0	22824.0	14126.0	16121.0	1584.0	6843.0	7931.0	2990.0	12485.0	12935.0	2446.0	3314.0	1338.0	3299.0	2772.0
G000832985	2516.0	1224.0	2160.0	2331.0	35611.0	29490.0	15459.0	9964.0	36479.0	21277.0	1592.0	1287.0	1747.0	1461.0	2215.0	2418.0	14160.0	15548.0	28052.0	15764.0	1492.0	2446.0	689.0	455.0	1340.0	1956.0	5584.0	10205.0	14289.0	7080.0	2108.0	1750.0	1950.0	1854.0	8555.0	29981.0	24403.0	21684.0	606.0	554.0	1741.0	891.0	2266.0	1689.0	1335.0	1025.0	1941.0	2980.0	2278.0	1946.0	2779.0	3583.0	15.0	3494.0	30273.0	859.0	605.0	2450.0	2336.0	1935.0	805.0	1474.0	2811.0	2068.0	3910.0	3214.0	14759.0	5833.0	822.0	1864.0	3733.0	3384.0	3061.0	1635.0	700.0	6550.0	871.0	755.0	1156.0	15619.0	14877.0	61.0	39081.0	45194.0
G000833105	936.0	624.0	1452.0	1722.0	96260.0	82458.0	171797.0	188487.0	258623.0	145818.0	880.0	934.0	1115.0	1006.0	909.0	1010.0	88908.0	97095.0	166750.0	44583.0	770.0	1066.0	503.0	397.0	685.0	1650.0	137791.0	211045.0	218617.0	62726.0	2661.0	1674.0	1673.0	1151.0	467384.0	271087.0	134097.0	150225.0	343.0	450.0	1258.0	852.0	933.0	910.0	926.0	665.0	1247.0	1009.0	1526.0	880.0	229190.0	310986.0	14.0	33139.0	133600.0	506.0	395.0	699.0	613.0	1296.0	451.0	767.0	559.0	552.0	736.0	771.0	4406.0	1645.0	672.0	1199.0	924.0	703.0	474.0	626.0	369.0	3363.0	121.0	177.0	107.0	267404.0	275227.0	96.0	300330.0	306712.0
G000938285	11450.0	7245.0	8000.0	8902.0	5313.0	5103.0	7478.0	4711.0	7043.0	4584.0	6684.0	6231.0	8379.0	6504.0	6038.0	6831.0	7400.0	9081.0	9052.0	10411.0	5533.0	4021.0	10249.0	1372.0	8692.0	10207.0	3719.0	7281.0	8676.0	6810.0	9477.0	6430.0	6283.0	4211.0	6014.0	5085.0	6589.0	4996.0	5145.0	5957.0	5416.0	3679.0	8363.0	9462.0	6539.0	5319.0	8082.0	8759.0	5645.0	5139.0	5752.0	3344.0	118219.0	5490.0	7871.0	6935.0	4630.0	11283.0	14320.0	10524.0	1865.0	7951.0	13275.0	9231.0	11361.0	521.0	2622.0	944.0	7044.0	6852.0	16010.0	9488.0	11449.0	568.0	1979.0	3103.0	2356.0	10763.0	10508.0	7375.0	10444.0	278.0	4441.0	3288.0
G000938305	15266.0	9000.0	10566.0	11432.0	7369.0	6956.0	9574.0	6111.0	9200.0	5876.0	8164.0	7996.0	10833.0	8353.0	7587.0	8558.0	9557.0	11493.0	12118.0	13628.0	7393.0	5358.0	13640.0	2048.0	10025.0	12107.0	4865.0	8872.0	12268.0	9288.0	11134.0	7820.0	6499.0	5890.0	8062.0	6694.0	8730.0	6733.0	6574.0	7876.0	6826.0	4347.0	10112.0	11557.0	8204.0	6671.0	10644.0	10729.0	7418.0	6355.0	7022.0	3974.0	1122494.0	7167.0	10081.0	8371.0	5192.0	14080.0	19147.0	13036.0	2138.0	10178.0	13005.0	9654.0	14248.0	903.0	3687.0	1555.0	8963.0	9034.0	17073.0	10903.0	12870.0	935.0	2945.0	4498.0	2684.0	13031.0	13383.0	9395.0	13307.0	434.0	5657.0	4409.0
G000938975	7240.0	5287.0	5629.0	6012.0	6691.0	6295.0	6987.0	4145.0	11563.0	7863.0	4996.0	3355.0	6101.0	5253.0	5157.0	4475.0	11886.0	15368.0	11703.0	13909.0	4549.0	3771.0	4975.0	929.0	6148.0	7052.0	5594.0	15926.0	15273.0	14043.0	6741.0	4637.0	3519.0	4190.0	6513.0	6445.0	9672.0	8166.0	3599.0	3870.0	4152.0	2728.0	5552.0	6320.0	5668.0	3903.0	4582.0	5087.0	2518.0	3677.0	5478.0	3734.0	170.0	6616.0	9288.0	4507.0	4090.0	7123.0	7951.0	6522.0	1384.0	5386.0	5231.0	3699.0	5295.0	518.0	1848.0	817.0	4873.0	4402.0	5119.0	4443.0	4204.0	685.0	1235.0	2004.0	1295.0	4882.0	5076.0	14296.0	18053.0	81.0	8902.0	8493.0
G000969605	16785.0	11747.0	10799.0	8826.0	1705.0	1778.0	1450.0	963.0	1642.0	1117.0	9436.0	5589.0	14917.0	7980.0	4937.0	4637.0	1508.0	2494.0	3347.0	4167.0	16737.0	12007.0	19305.0	2525.0	11849.0	10129.0	365.0	893.0	1834.0	2658.0	11451.0	7391.0	18746.0	22902.0	1127.0	1881.0	1727.0	1384.0	9993.0	10358.0	8783.0	8431.0	11248.0	10069.0	13944.0	11043.0	10872.0	13438.0	33174.0	38354.0	1234.0	819.0	56018.0	1593.0	3448.0	5985.0	5994.0	12328.0	11710.0	16495.0	5095.0	21465.0	9373.0	7242.0	9851.0	1222.0	4275.0	2754.0	8795.0	7254.0	9965.0	6461.0	7711.0	1000.0	8390.0	6254.0	2856.0	8533.0	8328.0	1681.0	1931.0	158.0	2062.0	1700.0
G001022135	8573.0	7634.0	9791.0	6679.0	41548.0	34674.0	549000.0	297611.0	67597.0	44871.0	14746.0	8676.0	20091.0	65178.0	24154.0	14121.0	54425.0	52435.0	363205.0	340835.0	25103.0	23875.0	89762.0	12264.0	4856.0	13566.0	17395.0	27186.0	144063.0	109668.0	9525.0	13780.0	24747.0	21977.0	442795.0	389089.0	49444.0	50524.0	28939.0	22325.0	51330.0	19347.0	14828.0	16679.0	16790.0	9851.0	5655.0	3927.0	16920.0	19884.0	919213.0	925732.0	366.0	2889102.0	3014513.0	23825.0	23965.0	130292.0	38929.0	18465.0	13701.0	16917.0	2607.0	2257.0	4721.0	159397.0	631429.0	272847.0	65596.0	77573.0	1395.0	2321.0	645.0	203856.0	215884.0	466069.0	525.0	1049.0	891.0	71112.0	98519.0	568.0	645964.0	561966.0
G001038625	1290.0	585.0	932.0	1233.0	38731.0	47306.0	19754.0	11424.0	46316.0	24420.0	1296.0	799.0	2186.0	1790.0	1075.0	1184.0	55173.0	81676.0	76597.0	28884.0	1291.0	2368.0	560.0	551.0	744.0	1823.0	31297.0	61264.0	64064.0	12434.0	1557.0	1119.0	1895.0	1830.0	15270.0	15839.0	20015.0	23972.0	390.0	557.0	1598.0	758.0	1026.0	1201.0	1479.0	970.0	1046.0	1087.0	1671.0	954.0	15497.0	14186.0	7.0	7410.0	22315.0	324.0	300.0	763.0	738.0	1262.0	490.0	720.0	531.0	389.0	733.0	1125.0	8506.0	2078.0	661.0	1463.0	788.0	618.0	564.0	1409.0	590.0	6715.0	52.0	75.0	107.0	52407.0	53524.0	54.0	48508.0	58690.0
G001040945	26978.0	12355.0	20318.0	15733.0	2211.0	2216.0	3653.0	2680.0	2048.0	1471.0	43684.0	10728.0	38367.0	40531.0	6160.0	8132.0	2342.0	4185.0	1982.0	2220.0	11526.0	94213.0	9742.0	2970.0	15020.0	15338.0	647.0	1164.0	1955.0	1254.0	26404.0	15215.0	17168.0	218938.0	6815.0	5778.0	2253.0	1980.0	327315.0	536936.0	792291.0	408725.0	15634.0	26549.0	39770.0	17318.0	13138.0	23084.0	110655.0	135063.0	6133.0	4731.0	9786.0	10111.0	3592.0	8750.0	15821.0	9698.0	6988.0	25140.0	9131.0	21440.0	8276.0	19063.0	20797.0	847.0	2490.0	1907.0	13333.0	7898.0	6289.0	4476.0	3930.0	773.0	8388.0	4102.0	1055.0	2686.0	2528.0	2322.0	2518.0	62.0	1520.0	1455.0
G001044235	9319.0	5323.0	6316.0	7077.0	5960.0	5711.0	4909.0	3198.0	7244.0	4493.0	5481.0	4567.0	7855.0	5503.0	5496.0	5301.0	5572.0	8244.0	8647.0	11330.0	5115.0	3259.0	8445.0	2192.0	6050.0	7761.0	2233.0	4596.0	7235.0	7610.0	7342.0	4702.0	3743.0	3699.0	3992.0	5038.0	6814.0	5354.0	4734.0	4911.0	3392.0	2307.0	5973.0	6991.0	5584.0	4377.0	6383.0	6778.0	4052.0	4252.0	3512.0	2201.0	136.0	5000.0	8262.0	5724.0	3471.0	11097.0	14880.0	6367.0	1220.0	5221.0	9043.0	7202.0	8986.0	4229.0	3386.0	4565.0	4795.0	6150.0	9365.0	6959.0	8134.0	4684.0	2253.0	4250.0	2283.0	8424.0	8384.0	5927.0	8190.0	39.0	5534.0	4656.0
G001270375	323.0	223.0	1317.0	1254.0	224248.0	175073.0	1558313.0	298042.0	263344.0	169267.0	524.0	429.0	1055.0	500.0	1760.0	1403.0	181489.0	376940.0	414715.0	153562.0	1465.0	1634.0	1729.0	1237.0	575.0	524.0	1579321.0	2891480.0	3919160.0	589500.0	7371.0	2084.0	999.0	978.0	210287.0	281459.0	150822.0	154474.0	1585.0	1639.0	2597.0	1777.0	719.0	956.0	442.0	296.0	350.0	288.0	924.0	772.0	612971.0	374731.0	32.0	236368.0	188286.0	1898.0	1307.0	1587.0	1546.0	1421.0	569.0	515.0	455.0	517.0	507.0	606.0	2199.0	390.0	1730.0	1828.0	934.0	577.0	336.0	254.0	901.0	1612.0	182.0	152.0	66.0	577291.0	427393.0	493.0	468743.0	495116.0
G001280145	5851.0	4435.0	4137.0	4680.0	1448.0	1526.0	3359.0	1423.0	1992.0	1244.0	3534.0	2983.0	4745.0	3948.0	3055.0	3172.0	3497.0	2775.0	20562.0	3100.0	3850.0	3435.0	7650.0	1172.0	5979.0	5046.0	533.0	1751.0	2498.0	3138.0	4777.0	3166.0	3062.0	3080.0	1685.0	1999.0	1903.0	1512.0	8772.0	12255.0	3420.0	3228.0	4356.0	4686.0	3614.0	2781.0	4420.0	4099.0	2601.0	3280.0	14860.0	924.0	6842.0	2211.0	3730.0	3292.0	2649.0	6826.0	6921.0	5916.0	1353.0	5391.0	4286.0	4207.0	4720.0	3239.0	2675.0	3038.0	4186.0	4386.0	53370.0	3242.0	5334.0	2325.0	3600.0	5945.0	3097.0	4992.0	6048.0	1769.0	1958.0	16337528.0	2078.0	1779.0
G001305595	256131.0	147315.0	143459.0	122696.0	1325.0	1400.0	1729.0	1305.0	1583.0	1194.0	49831.0	58293.0	46822.0	93228.0	83504.0	85629.0	3191.0	2428.0	5477.0	3295.0	179480.0	251264.0	316924.0	22267.0	99193.0	175808.0	758.0	1272.0	2680.0	1971.0	86719.0	142508.0	98014.0	158989.0	1542.0	1767.0	1531.0	1329.0	539296.0	1008888.0	633270.0	793190.0	95840.0	70422.0	6790.0	24390.0	292629.0	39501.0	76295.0	347430.0	1541.0	973.0	3425.0	1490.0	2718.0	42662.0	39963.0	77266.0	84072.0	183818.0	38019.0	55844.0	10060.0	14989.0	14634.0	554.0	1046.0	603.0	69197.0	162612.0	16574.0	5792.0	8335.0	342.0	2159.0	4411.0	1296.0	3486.0	3621.0	1888.0	1949.0	711.0	1425.0	1222.0
G001315015	36685.0	25934.0	20638.0	36493.0	1910.0	1898.0	2300.0	1609.0	1999.0	1536.0	16665.0	12331.0	18494.0	24231.0	199008.0	65064.0	4259.0	2697.0	4425.0	3858.0	35426.0	56726.0	185149.0	14201.0	20488.0	27982.0	833.0	1417.0	2977.0	2453.0	34023.0	20592.0	1731503.0	111866.0	1887.0	2240.0	1880.0	1641.0	321542.0	230564.0	98595.0	207934.0	36811.0	19591.0	8619.0	14138.0	42156.0	12388.0	65040.0	122221.0	1976.0	1026.0	2431.0	2369.0	3382.0	246534.0	967230.0	2371461.0	114247.0	81948.0	11979.0	28874.0	19530.0	12365.0	13735.0	821.0	1147.0	770.0	46261.0	46926.0	16585.0	8828.0	9692.0	462.0	1871.0	4765.0	1712.0	4851.0	4531.0	1961.0	2421.0	441.0	1843.0	1536.0
G001411495	16756.0	11981.0	12695.0	10973.0	263679.0	294148.0	253903.0	116656.0	299356.0	240748.0	11889.0	8014.0	40173.0	36900.0	9996.0	10150.0	967999.0	1649386.0	785038.0	544454.0	13200.0	53661.0	20809.0	2803.0	15615.0	15578.0	15230.0	37984.0	60479.0	84170.0	15590.0	11533.0	32709.0	8850.0	176244.0	130233.0	219137.0	285141.0	20803.0	24824.0	162864.0	103645.0	10131.0	11198.0	26484.0	25016.0	11675.0	11825.0	3433.0	4382.0	204457.0	29857.0	2458.0	455369.0	217881.0	5672.0	9602.0	7331.0	9640.0	19315.0	5114.0	20221.0	6195.0	9608.0	11344.0	936.0	2868.0	2019.0	11695.0	9077.0	10756.0	7530.0	7258.0	1713.0	13703.0	4055.0	1058.0	3014.0	3228.0	647158.0	286840.0	556.0	421851.0	461818.0
G001412595	36848.0	41322.0	30801.0	29939.0	8834.0	8252.0	8618.0	5289.0	9830.0	6726.0	25400.0	22578.0	10620.0	11464.0	22880.0	7271.0	13559.0	16479.0	10552.0	15521.0	11866.0	18490.0	15301.0	2436.0	24797.0	31746.0	3572.0	8242.0	10720.0	27740.0	39341.0	38154.0	58904.0	61544.0	5305.0	18574.0	10484.0	7997.0	33287.0	32679.0	196892.0	127025.0	37470.0	50132.0	9481.0	9834.0	26905.0	22398.0	31033.0	56292.0	5977.0	9178.0	5267.0	13907.0	27417.0	10001.0	31127.0	31118.0	11910.0	57289.0	21360.0	47248.0	13876.0	11384.0	17523.0	678.0	2453.0	1647.0	28568.0	29233.0	15000.0	11699.0	12826.0	608.0	5505.0	3835.0	9288.0	24202.0	22683.0	7174.0	8697.0	118.0	18876.0	21667.0
G001420315	24658.0	9607.0	8462.0	13316.0	1546.0	1643.0	2555.0	1557.0	2181.0	1347.0	10275.0	7754.0	18077.0	11382.0	17621.0	27532.0	2063.0	2470.0	2857.0	3161.0	10369.0	10716.0	27037.0	4300.0	19319.0	13557.0	609.0	1651.0	2836.0	2510.0	19499.0	7090.0	19984.0	16050.0	1915.0	1847.0	1925.0	1640.0	10827.0	11817.0	3248.0	5855.0	13254.0	12188.0	18074.0	15449.0	7814.0	14028.0	14757.0	16602.0	1374.0	1010.0	4479.0	2555.0	3326.0	16156.0	18863.0	15640.0	60138.0	16094.0	3010.0	11090.0	12394.0	9567.0	8813.0	2408.0	5015.0	1335.0	6551.0	9445.0	10438.0	9229.0	8346.0	24904.0	90803.0	28743.0	937.0	4022.0	4182.0	1688.0	2296.0	1151.0	2035.0	1596.0
G001420695	3273.0	2466.0	2159.0	2345.0	1731.0	1668.0	2457.0	1505.0	2706.0	1864.0	2445.0	1589.0	2983.0	2040.0	1091.0	1102.0	2021.0	2462.0	3516.0	2355.0	2685.0	3795.0	2276.0	1676.0	1712.0	1988.0	919.0	1839.0	2735.0	966.0	2566.0	2974.0	2818.0	3251.0	1520.0	4119.0	1900.0	1828.0	643.0	651.0	2168.0	1514.0	2646.0	2929.0	1515.0	1638.0	1883.0	2904.0	2326.0	1012.0	1374.0	1303.0	38.0	1352.0	9826.0	689.0	580.0	1886.0	1764.0	2214.0	1110.0	2344.0	1518.0	925.0	1445.0	3762.0	12673.0	7072.0	1653.0	2739.0	1427.0	1343.0	1190.0	1222.0	658.0	7353.0	344.0	518.0	509.0	2374.0	2247.0	23.0	4696.0	4545.0
G001420855	1313.0	682.0	909.0	1023.0	20770.0	18177.0	11559.0	7613.0	24000.0	13997.0	840.0	787.0	2575.0	2132.0	886.0	960.0	10718.0	13606.0	24640.0	9300.0	2138.0	649.0	678.0	709.0	684.0	1720.0	7190.0	9252.0	14744.0	6192.0	1267.0	856.0	1151.0	919.0	6159.0	19561.0	16365.0	15927.0	328.0	372.0	1286.0	397.0	1129.0	893.0	1205.0	1101.0	739.0	1008.0	1270.0	849.0	2706.0	3925.0	8.0	2690.0	13403.0	292.0	288.0	902.0	1125.0	1334.0	497.0	866.0	1062.0	893.0	1782.0	8277.0	19859.0	6004.0	623.0	1146.0	1166.0	1105.0	1001.0	999.0	844.0	14443.0	248.0	297.0	432.0	14183.0	14186.0	26.0	38362.0	43236.0
G001422445	17243.0	12220.0	10757.0	10104.0	1307.0	1282.0	1105.0	660.0	1103.0	938.0	9387.0	4751.0	17650.0	15090.0	4459.0	4324.0	1278.0	2216.0	2295.0	3090.0	9038.0	6931.0	19271.0	3457.0	13625.0	9748.0	299.0	642.0	1569.0	2272.0	13560.0	7651.0	19243.0	13414.0	876.0	1398.0	1266.0	1024.0	11280.0	11425.0	7539.0	5424.0	11622.0	11008.0	15265.0	11106.0	18006.0	20781.0	26340.0	17363.0	855.0	651.0	27771.0	1243.0	2523.0	11343.0	8486.0	26081.0	14331.0	13718.0	3997.0	23802.0	7755.0	6021.0	7437.0	2003.0	7302.0	4104.0	14010.0	10997.0	9119.0	5378.0	6446.0	1737.0	11599.0	12864.0	2415.0	6914.0	7008.0	1238.0	1370.0	129.0	1564.0	1478.0
G001424665	27338.0	14278.0	2268.0	5055.0	22.0	25.0	28.0	25.0	31.0	28.0	15944.0	5523.0	4104.0	6232.0	4527.0	5287.0	27.0	50.0	164.0	80.0	964.0	5162.0	6093.0	3610.0	7904.0	13076.0	2.0	16.0	45.0	31.0	10105.0	805.0	140.0	54.0	46.0	37.0	21.0	17.0	491.0	452.0	95.0	84.0	9133.0	1037.0	1883.0	1828.0	8289.0	19255.0	40.0	187.0	38.0	33.0	176.0	22.0	69.0	601.0	710.0	26909.0	11495.0	18978.0	5727.0	5539.0	2561.0	748.0	4293.0	12.0	61.0	28.0	1739.0	10369.0	1002.0	239.0	585.0	23.0	73.0	117.0	34.0	307.0	576.0	32.0	47.0	0.0	44.0	37.0
G001424985	8639.0	2789.0	3203.0	4138.0	588.0	593.0	727.0	513.0	597.0	410.0	3398.0	2768.0	11730.0	5121.0	9112.0	6248.0	565.0	806.0	1255.0	1036.0	7365.0	3924.0	41110.0	5088.0	3135.0	3835.0	168.0	450.0	931.0	718.0	3416.0	2440.0	6329.0	6608.0	547.0	608.0	660.0	549.0	4592.0	9046.0	2281.0	1874.0	3364.0	3795.0	4609.0	4327.0	3979.0	5297.0	11943.0	18670.0	464.0	266.0	1568.0	675.0	851.0	2933.0	4113.0	9733.0	12391.0	4270.0	697.0	2681.0	3393.0	1939.0	2702.0	1182.0	3452.0	3195.0	3501.0	4205.0	4870.0	3529.0	3579.0	913.0	3198.0	9841.0	412.0	1592.0	1641.0	541.0	690.0	266.0	625.0	477.0
G001428645	40528.0	6683.0	12035.0	8791.0	627.0	669.0	489.0	319.0	547.0	414.0	15966.0	7190.0	10107.0	5922.0	3515.0	4911.0	578.0	1015.0	1636.0	1541.0	11958.0	15061.0	50385.0	4921.0	7516.0	12511.0	128.0	273.0	1309.0	929.0	7723.0	4841.0	4266.0	8163.0	417.0	604.0	665.0	481.0	5807.0	5427.0	4063.0	3225.0	8945.0	6873.0	15617.0	9954.0	5626.0	14065.0	89099.0	187315.0	418.0	308.0	29720.0	583.0	1196.0	8173.0	8134.0	24003.0	25084.0	13295.0	4328.0	15525.0	6518.0	4147.0	4842.0	2453.0	11909.0	4773.0	14997.0	6289.0	5932.0	4670.0	4069.0	2544.0	12240.0	20536.0	1369.0	4422.0	4310.0	637.0	621.0	59.0	778.0	704.0
G001428765	18616.0	11926.0	4999.0	8949.0	3489.0	3449.0	3189.0	2174.0	3386.0	2556.0	6565.0	8517.0	12551.0	7150.0	9140.0	6883.0	3222.0	5383.0	4099.0	6092.0	6109.0	3862.0	10648.0	2278.0	13460.0	19196.0	1027.0	2699.0	3897.0	6371.0	12551.0	4372.0	3454.0	3485.0	2295.0	3729.0	3585.0	2917.0	3166.0	2801.0	3021.0	1900.0	7528.0	5870.0	6082.0	5414.0	18703.0	14140.0	2587.0	3167.0	1855.0	1508.0	261.0	3280.0	6222.0	5710.0	4393.0	34245.0	19640.0	8880.0	1293.0	4769.0	12365.0	5494.0	7022.0	788.0	2606.0	1417.0	3360.0	4221.0	11934.0	6536.0	9632.0	986.0	1697.0	2635.0	1546.0	9608.0	9637.0	2861.0	3710.0	36.0	4210.0	4009.0
G001429505	8870.0	5391.0	4764.0	6482.0	1502.0	1647.0	2371.0	1468.0	1996.0	1385.0	5600.0	3898.0	9645.0	6887.0	7673.0	16860.0	1688.0	2472.0	2626.0	3067.0	3867.0	4135.0	13600.0	2003.0	6738.0	6281.0	645.0	1526.0	2663.0	2406.0	7340.0	4053.0	33158.0	5871.0	1732.0	1855.0	1985.0	1557.0	7621.0	7720.0	2932.0	3821.0	6818.0	5268.0	9583.0	6516.0	5078.0	7219.0	9316.0	5898.0	1407.0	923.0	12672.0	2263.0	3049.0	6220.0	11550.0	9174.0	19268.0	7258.0	1405.0	5554.0	5111.0	3952.0	4467.0	397.0	1261.0	750.0	5251.0	5979.0	6668.0	4941.0	5012.0	512.0	2230.0	3649.0	845.0	3589.0	3623.0	1664.0	2253.0	589.0	1827.0	1520.0
G001429825	979.0	447.0	1433.0	1990.0	46627.0	37300.0	21591.0	14410.0	45423.0	27680.0	890.0	663.0	1108.0	870.0	873.0	1227.0	12041.0	13319.0	24421.0	10285.0	1236.0	2735.0	307.0	261.0	559.0	1870.0	7197.0	12520.0	16955.0	8453.0	1317.0	1144.0	685.0	507.0	11738.0	40406.0	31273.0	27401.0	150.0	181.0	688.0	332.0	1400.0	761.0	968.0	395.0	1644.0	1921.0	1000.0	420.0	2399.0	3691.0	12.0	4190.0	33149.0	309.0	201.0	766.0	1052.0	1762.0	423.0	960.0	2618.0	2212.0	4431.0	519.0	2353.0	783.0	327.0	746.0	3789.0	3934.0	3282.0	270.0	306.0	1173.0	820.0	627.0	1165.0	15582.0	16132.0	25.0	44345.0	53098.0
G001431645	28160.0	14400.0	12586.0	17547.0	731.0	759.0	980.0	419.0	647.0	415.0	15170.0	10487.0	21067.0	28419.0	54791.0	40676.0	4375.0	945.0	3001.0	2878.0	44028.0	29509.0	87501.0	12433.0	29421.0	21771.0	160.0	300.0	1298.0	1948.0	17928.0	14718.0	42203.0	45372.0	789.0	744.0	571.0	543.0	46720.0	53123.0	81689.0	42526.0	19072.0	26404.0	14804.0	23960.0	30957.0	40431.0	29604.0	37527.0	1065.0	784.0	1646.0	2753.0	3733.0	63941.0	114037.0	107534.0	76126.0	47162.0	8318.0	38098.0	1991.0	1947.0	2699.0	5250.0	24158.0	13588.0	67025.0	40486.0	5214.0	4829.0	4314.0	1891.0	9131.0	27332.0	1141.0	2308.0	2074.0	871.0	895.0	102.0	1930.0	1107.0
G001440405	50213.0	27078.0	34698.0	37833.0	26589.0	22609.0	29133.0	20141.0	32529.0	19313.0	25238.0	25588.0	32426.0	24209.0	21309.0	23483.0	34093.0	39046.0	40962.0	44902.0	26142.0	15972.0	46803.0	6443.0	33228.0	40505.0	17230.0	29846.0	35318.0	29747.0	34749.0	24120.0	20883.0	16349.0	25985.0	21006.0	29810.0	21605.0	18713.0	21572.0	21692.0	13107.0	30665.0	35174.0	23217.0	19135.0	34515.0	32822.0	28427.0	19816.0	23417.0	13214.0	114957.0	21838.0	30058.0	30099.0	15264.0	41959.0	62975.0	46875.0	6421.0	32380.0	38050.0	30975.0	42345.0	1817.0	11301.0	3903.0	26570.0	26076.0	56902.0	32044.0	39018.0	2134.0	7088.0	10450.0	7759.0	42734.0	39133.0	31727.0	45555.0	317.0	16790.0	13651.0
G001440475	54716.0	29420.0	37369.0	40523.0	29116.0	24785.0	31552.0	21186.0	33972.0	20454.0	26827.0	27302.0	35681.0	25812.0	23580.0	25011.0	36505.0	40988.0	43883.0	48569.0	28149.0	17321.0	52073.0	7063.0	35235.0	44302.0	18250.0	31733.0	37286.0	31845.0	37836.0	26692.0	23539.0	18530.0	27799.0	22574.0	30689.0	23237.0	20686.0	23333.0	23462.0	14264.0	33317.0	38059.0	25540.0	20836.0	37572.0	35341.0	30189.0	21582.0	25248.0	14143.0	171128.0	23350.0	31974.0	32915.0	16356.0	44966.0	68600.0	50520.0	6897.0	35665.0	41517.0	33646.0	45442.0	1994.0	12528.0	4269.0	29534.0	29536.0	60703.0	34789.0	41988.0	2326.0	7637.0	11898.0	9002.0	47202.0	42305.0	33141.0	47557.0	392.0	18236.0	14496.0
G001457475	7808.0	6202.0	7827.0	5748.0	1207.0	1306.0	772.0	733.0	1168.0	1001.0	6889.0	3331.0	15933.0	11757.0	14046.0	6286.0	1431.0	2451.0	3288.0	3607.0	4980.0	19850.0	60566.0	1451.0	8744.0	6899.0	266.0	475.0	2045.0	2606.0	10626.0	6573.0	4874.0	12243.0	956.0	1041.0	938.0	929.0	858827.0	6431.0	8292.0	15624.0	8923.0	7209.0	8891.0	3884.0	5747.0	10009.0	16290.0	7488.0	1445.0	626.0	10342.0	1592.0	2450.0	4356.0	12418.0	6672.0	9254.0	17851.0	8598.0	11606.0	3281.0	4570.0	5674.0	657378.0	574512.0	1645690.0	7290.0	5324.0	3829.0	6561.0	3758.0	116984.0	2392509.0	2779212.0	1675.0	2817.0	3090.0	1796.0	1422.0	1299.0	2981.0	1066.0
G001511815	14972.0	10011.0	10355.0	10973.0	12841.0	11714.0	13308.0	7862.0	18719.0	12552.0	9007.0	6612.0	11954.0	9859.0	10643.0	9471.0	20933.0	26924.0	19698.0	25105.0	10175.0	8602.0	9222.0	1984.0	11213.0	13189.0	9662.0	23207.0	20942.0	25506.0	12747.0	8800.0	7505.0	7612.0	11446.0	14757.0	15368.0	12997.0	9566.0	9790.0	10588.0	6427.0	10774.0	11974.0	9962.0	7321.0	9077.0	8919.0	4962.0	6875.0	12204.0	8960.0	239.0	14417.0	22531.0	11013.0	10033.0	14925.0	16249.0	13978.0	3191.0	12148.0	11345.0	8957.0	11290.0	1036.0	3632.0	1616.0	9959.0	8819.0	11347.0	9685.0	9802.0	1319.0	2906.0	3722.0	3753.0	12126.0	12759.0	22407.0	28026.0	331.0	17393.0	15769.0
G001542405	11038.0	6166.0	7085.0	8040.0	1076.0	1102.0	1351.0	806.0	1109.0	641.0	7213.0	5416.0	9696.0	7612.0	7334.0	7630.0	1355.0	1055.0	1330.0	1412.0	4744.0	5306.0	10337.0	1552.0	7183.0	8159.0	196.0	401.0	1066.0	1104.0	8344.0	5631.0	11928.0	8311.0	818.0	1244.0	940.0	809.0	7732.0	9001.0	5998.0	4946.0	9474.0	9779.0	7063.0	7424.0	7832.0	9958.0	7785.0	8868.0	507.0	379.0	1031.0	864.0	1671.0	5233.0	5755.0	14534.0	15113.0	6812.0	1314.0	4884.0	14819.0	10720.0	14569.0	869.0	2689.0	2004.0	5842.0	6868.0	16593.0	12919.0	12209.0	897.0	2464.0	6128.0	2166.0	8257.0	8707.0	592.0	840.0	368.0	1200.0	1069.0
G001579845	33569.0	21184.0	23807.0	24746.0	10205.0	10413.0	18741.0	10907.0	14127.0	8673.0	21418.0	17394.0	26991.0	20732.0	19506.0	19556.0	9427.0	13108.0	14687.0	16910.0	13738.0	10234.0	23173.0	3225.0	25025.0	25967.0	3876.0	10607.0	16878.0	14608.0	28563.0	18677.0	12919.0	11702.0	13480.0	12458.0	12266.0	10036.0	11133.0	13159.0	12308.0	7906.0	24431.0	27987.0	20316.0	17193.0	25153.0	27138.0	11941.0	14250.0	8291.0	5562.0	16922.0	13607.0	19668.0	14027.0	11335.0	29614.0	34916.0	22030.0	4108.0	17945.0	28672.0	21039.0	26748.0	1191.0	5531.0	2109.0	18552.0	18236.0	34294.0	24220.0	25854.0	1400.0	4347.0	6661.0	4869.0	24303.0	26387.0	9367.0	13153.0	637.0	10214.0	8315.0
G001591445	20667.0	8323.0	16482.0	8903.0	26238.0	23527.0	16143.0	10495.0	32750.0	16466.0	8381.0	13354.0	2867.0	2037.0	18617.0	17697.0	17077.0	20919.0	36505.0	22082.0	1231.0	1816.0	523.0	391.0	6929.0	1370.0	4084.0	6286.0	9537.0	4119.0	15661.0	15341.0	23395.0	20099.0	10342.0	30442.0	19242.0	17427.0	2199.0	3547.0	15392.0	6509.0	19194.0	13800.0	1432.0	1823.0	16408.0	26809.0	22230.0	6192.0	3956.0	5827.0	15.0	3808.0	31871.0	3784.0	2772.0	16043.0	23557.0	1221.0	3819.0	3540.0	8963.0	2043.0	9688.0	3131.0	12445.0	5029.0	2383.0	12365.0	14600.0	14738.0	12859.0	1272.0	599.0	4593.0	416.0	487.0	763.0	21557.0	16498.0	40.0	40340.0	45210.0
G001591525	621.0	315.0	817.0	1210.0	27394.0	22170.0	12515.0	8431.0	26671.0	15672.0	551.0	417.0	614.0	668.0	931.0	1161.0	7290.0	8689.0	15432.0	7104.0	772.0	1371.0	237.0	143.0	417.0	1208.0	4098.0	7204.0	10362.0	5237.0	828.0	764.0	531.0	406.0	6400.0	23443.0	18513.0	16128.0	109.0	135.0	484.0	276.0	853.0	574.0	700.0	360.0	745.0	1089.0	711.0	348.0	1592.0	2106.0	5.0	2403.0	20220.0	198.0	146.0	629.0	836.0	1068.0	259.0	589.0	1924.0	1542.0	2853.0	395.0	2060.0	647.0	212.0	506.0	2663.0	2506.0	2338.0	212.0	212.0	1102.0	489.0	419.0	793.0	9225.0	9747.0	20.0	26507.0	31789.0
G001598255	10505.0	7227.0	6664.0	5670.0	1308.0	1286.0	1115.0	761.0	1245.0	914.0	5672.0	3624.0	7014.0	4758.0	2997.0	2862.0	1295.0	2387.0	2130.0	2871.0	7881.0	6862.0	10289.0	1171.0	6926.0	6264.0	342.0	737.0	1461.0	2357.0	6900.0	4866.0	6838.0	6239.0	931.0	1669.0	1285.0	1062.0	40930.0	144901.0	6819.0	10886.0	7478.0	6759.0	7104.0	4919.0	6944.0	7997.0	8157.0	8172.0	893.0	826.0	48850.0	1315.0	2592.0	3198.0	2932.0	7319.0	5762.0	10539.0	3264.0	14040.0	8781.0	6863.0	8726.0	754.0	3011.0	1731.0	5665.0	5167.0	6967.0	5359.0	5496.0	616.0	5607.0	5368.0	1973.0	5557.0	5126.0	1270.0	1305.0	207.0	1600.0	1431.0
G001605965	12259.0	8808.0	11808.0	6194.0	8901.0	8513.0	2948.0	2181.0	6636.0	4155.0	8026.0	8795.0	5745.0	12682.0	7752.0	10018.0	7151.0	11300.0	19173.0	25379.0	3660.0	10848.0	17411.0	2633.0	9038.0	10596.0	3033.0	5580.0	11068.0	30194.0	10928.0	10798.0	14429.0	9638.0	5647.0	10411.0	6757.0	5341.0	13165.0	10351.0	12819.0	10936.0	11579.0	11575.0	4467.0	2892.0	14128.0	12426.0	5641.0	7932.0	7545.0	6567.0	291.0	22174.0	54947.0	11708.0	11061.0	20874.0	15128.0	29184.0	8619.0	11609.0	8805.0	4274.0	9912.0	5860.0	24077.0	6445.0	38670.0	17447.0	14085.0	17490.0	9375.0	12027.0	59931.0	23762.0	801.0	1602.0	1368.0	9763.0	10331.0	77.0	16817.0	23031.0
G001623875	3018.0	1314.0	1825.0	2402.0	21679.0	19541.0	56132.0	40442.0	33408.0	18484.0	2913.0	1829.0	4249.0	3886.0	1574.0	1699.0	35993.0	30948.0	37966.0	20407.0	2977.0	6463.0	1248.0	1104.0	1692.0	3953.0	15462.0	32027.0	36670.0	6102.0	2885.0	2401.0	3640.0	3300.0	56925.0	52226.0	17245.0	18583.0	806.0	1071.0	3296.0	1577.0	2457.0	2496.0	3281.0	2280.0	1828.0	2193.0	3131.0	2143.0	42344.0	44894.0	12.0	19671.0	58060.0	517.0	426.0	1387.0	1415.0	2759.0	1028.0	1571.0	781.0	642.0	1637.0	1636.0	10507.0	3091.0	1513.0	3306.0	1239.0	1104.0	894.0	2001.0	891.0	7740.0	127.0	168.0	212.0	34807.0	35277.0	53.0	37099.0	41784.0
G001676765	40656.0	18112.0	14964.0	25036.0	1823.0	2081.0	2504.0	1596.0	2383.0	1707.0	14273.0	9902.0	13555.0	11545.0	7290.0	7915.0	1830.0	2517.0	2585.0	3431.0	7672.0	7002.0	11418.0	1539.0	26931.0	20729.0	515.0	1323.0	2505.0	2520.0	24334.0	11808.0	7452.0	6076.0	1969.0	2228.0	2259.0	1829.0	10843.0	10774.0	5590.0	5877.0	21484.0	14831.0	14176.0	9224.0	14586.0	20944.0	5572.0	7057.0	1385.0	940.0	5945.0	2043.0	3230.0	6921.0	7055.0	13141.0	15550.0	20660.0	4108.0	11354.0	51425.0	23755.0	27313.0	547.0	3289.0	4652.0	12954.0	19226.0	47239.0	18455.0	28857.0	1254.0	5275.0	6115.0	3474.0	20013.0	17674.0	1699.0	2027.0	906.0	2335.0	2013.0
G001693385	36813.0	20369.0	26005.0	27355.0	19662.0	16758.0	21766.0	14611.0	24475.0	13777.0	19091.0	18728.0	24657.0	17716.0	16263.0	17178.0	24983.0	28960.0	30247.0	34262.0	18586.0	11889.0	34785.0	4723.0	23906.0	30511.0	12550.0	21620.0	26801.0	22216.0	25922.0	17849.0	16296.0	12777.0	18909.0	15714.0	21257.0	16171.0	14190.0	15998.0	16030.0	9544.0	23206.0	26488.0	17773.0	14465.0	25306.0	24575.0	19508.0	14224.0	16858.0	9373.0	113297.0	15861.0	22562.0	22213.0	11569.0	31289.0	45764.0	33930.0	4750.0	24119.0	28107.0	22401.0	30948.0	1393.0	8904.0	2846.0	20396.0	19604.0	40338.0	24042.0	28993.0	1711.0	5436.0	8237.0	6191.0	31217.0	28889.0	22836.0	32905.0	261.0	12872.0	10339.0
G001708485	5163.0	4067.0	4247.0	3121.0	4748.0	4667.0	990.0	778.0	2846.0	1699.0	3630.0	3185.0	2977.0	4188.0	3066.0	3387.0	3082.0	3191.0	10409.0	16838.0	2178.0	4473.0	6984.0	1333.0	4205.0	4353.0	856.0	1694.0	3116.0	6732.0	4748.0	4035.0	7525.0	5443.0	2992.0	3716.0	2986.0	2590.0	12625.0	10918.0	10225.0	9326.0	4141.0	4904.0	1953.0	1659.0	4942.0	4670.0	3086.0	4453.0	4468.0	2685.0	871.0	5202.0	15709.0	4324.0	3935.0	12727.0	5756.0	7391.0	2390.0	4965.0	4928.0	5468.0	12405.0	4855.0	23873.0	6909.0	13338.0	8755.0	5244.0	6449.0	3589.0	15833.0	66528.0	23139.0	839.0	599.0	554.0	5647.0	5348.0	64.0	5593.0	5702.0
G001712755	712.0	464.0	631.0	612.0	18674.0	13168.0	6831.0	5243.0	17944.0	10123.0	528.0	530.0	414.0	290.0	691.0	767.0	6101.0	9530.0	12019.0	3461.0	275.0	326.0	185.0	92.0	343.0	669.0	5980.0	7282.0	7776.0	4530.0	752.0	645.0	820.0	597.0	5267.0	20402.0	11701.0	10898.0	190.0	163.0	542.0	336.0	532.0	519.0	284.0	216.0	556.0	655.0	811.0	645.0	1606.0	4393.0	4.0	2434.0	11383.0	183.0	164.0	710.0	740.0	501.0	183.0	395.0	335.0	236.0	534.0	887.0	4386.0	1738.0	244.0	540.0	594.0	703.0	513.0	408.0	187.0	2139.0	153.0	123.0	223.0	9468.0	9175.0	14.0	21192.0	28865.0
G001713665	2351.0	603.0	2055.0	2029.0	8368.0	10206.0	9730.0	6624.0	9113.0	6205.0	6776.0	3216.0	36810.0	33696.0	6074.0	8424.0	9692.0	5810.0	19738.0	15384.0	17072.0	104658.0	9210.0	4349.0	2398.0	3405.0	7926.0	10202.0	18427.0	3978.0	4348.0	2107.0	280816.0	181517.0	7451.0	10917.0	5437.0	6757.0	14712.0	47172.0	323887.0	36035.0	3594.0	4352.0	20073.0	10021.0	1849.0	1882.0	84258.0	58569.0	16805.0	10279.0	108.0	5696.0	26491.0	2507.0	939.0	5942.0	12991.0	7601.0	1141.0	2365.0	2738.0	13114.0	27036.0	7034.0	7696.0	4260.0	4870.0	5723.0	2185.0	3619.0	1467.0	277309.0	39304.0	25558.0	220.0	164.0	263.0	18841.0	13759.0	71.0	33228.0	39157.0
G001908185	14968.0	8958.0	10054.0	11476.0	7091.0	6577.0	9222.0	6056.0	9341.0	5941.0	8041.0	7791.0	10426.0	7775.0	7701.0	8825.0	10112.0	12532.0	11912.0	13418.0	7116.0	5312.0	12280.0	1677.0	11169.0	12833.0	4894.0	9729.0	11660.0	8578.0	11477.0	8246.0	7987.0	5644.0	7692.0	6485.0	8403.0	6544.0	6355.0	7107.0	6692.0	4282.0	10450.0	11700.0	8220.0	6587.0	10251.0	10777.0	6998.0	6720.0	7740.0	4489.0	111282.0	7463.0	10051.0	9128.0	5880.0	13594.0	17212.0	13732.0	2306.0	10296.0	16289.0	11350.0	13710.0	637.0	3194.0	1344.0	8567.0	8249.0	19642.0	11847.0	14704.0	671.0	2237.0	3697.0	2617.0	13049.0	12737.0	9747.0	13620.0	407.0	5967.0	4556.0
G001914855	666.0	469.0	486.0	628.0	557.0	571.0	787.0	366.0	744.0	503.0	516.0	419.0	710.0	604.0	479.0	492.0	601.0	674.0	937.0	709.0	306.0	231.0	337.0	52.0	600.0	841.0	244.0	730.0	1081.0	312.0	692.0	485.0	310.0	382.0	512.0	320.0	561.0	495.0	187.0	137.0	262.0	122.0	495.0	631.0	563.0	504.0	440.0	544.0	275.0	266.0	218.0	154.0	1.0	430.0	586.0	216.0	131.0	432.0	618.0	544.0	88.0	267.0	608.0	608.0	823.0	29.0	85.0	40.0	380.0	447.0	778.0	671.0	571.0	30.0	38.0	117.0	84.0	394.0	449.0	473.0	704.0	2.0	553.0	424.0
G001914875	1399.0	810.0	1030.0	1190.0	1329.0	1259.0	1494.0	838.0	1652.0	1047.0	975.0	869.0	1490.0	1150.0	1013.0	966.0	1518.0	1658.0	2155.0	1890.0	597.0	597.0	739.0	136.0	1170.0	1666.0	512.0	1343.0	2116.0	720.0	1392.0	862.0	689.0	734.0	1245.0	907.0	1214.0	1105.0	325.0	294.0	549.0	213.0	1197.0	1263.0	1212.0	882.0	869.0	996.0	583.0	506.0	464.0	389.0	0.0	927.0	1306.0	454.0	339.0	878.0	1338.0	1276.0	161.0	353.0	1358.0	1106.0	1538.0	56.0	259.0	80.0	1051.0	866.0	1616.0	1252.0	1167.0	65.0	86.0	166.0	186.0	783.0	800.0	1211.0	1715.0	1.0	1231.0	1022.0
G001919485	2884.0	1709.0	1993.0	2323.0	2585.0	2444.0	2964.0	1861.0	3355.0	2126.0	2014.0	1606.0	2904.0	2358.0	1786.0	2022.0	2941.0	3302.0	4079.0	3588.0	1132.0	1124.0	1425.0	268.0	2174.0	3325.0	1018.0	2594.0	4229.0	1531.0	2584.0	1641.0	1362.0	1330.0	2231.0	1754.0	2430.0	2172.0	666.0	573.0	1134.0	454.0	2164.0	2526.0	2114.0	1757.0	1644.0	1900.0	1035.0	1126.0	987.0	742.0	2.0	1758.0	2420.0	800.0	562.0	1807.0	2642.0	2448.0	307.0	795.0	2786.0	2207.0	3085.0	84.0	518.0	216.0	1832.0	1727.0	3138.0	2313.0	2404.0	72.0	155.0	310.0	345.0	1563.0	1736.0	2469.0	3246.0	9.0	2377.0	1879.0
G001941825	25995.0	26355.0	19653.0	19367.0	6145.0	5812.0	5844.0	3199.0	6900.0	4610.0	17915.0	14741.0	10729.0	11007.0	13963.0	4543.0	4975.0	11264.0	5683.0	8109.0	8251.0	22532.0	10180.0	1811.0	15250.0	22125.0	1925.0	4032.0	5293.0	13126.0	24802.0	24181.0	43494.0	40984.0	3443.0	12292.0	6462.0	4875.0	48274.0	56431.0	142406.0	95882.0	23789.0	32051.0	8499.0	7915.0	16642.0	14343.0	20520.0	35926.0	3647.0	5743.0	3550.0	6551.0	15304.0	5884.0	18524.0	18701.0	7439.0	35887.0	12389.0	29835.0	10345.0	9924.0	23443.0	661.0	1969.0	1294.0	16148.0	17107.0	9496.0	9394.0	8155.0	481.0	4325.0	2713.0	5865.0	15506.0	13834.0	4965.0	5291.0	73.0	8874.0	9915.0
G900011245	12763.0	7531.0	8596.0	9754.0	5784.0	5476.0	7590.0	4933.0	7880.0	4886.0	7141.0	6564.0	8560.0	7167.0	6684.0	7867.0	8161.0	9546.0	9433.0	10400.0	6152.0	4568.0	10886.0	1566.0	9467.0	10894.0	4054.0	7745.0	9549.0	7473.0	10044.0	6770.0	7321.0	4648.0	6380.0	5412.0	6948.0	5114.0	5550.0	6010.0	5845.0	3942.0	9100.0	9936.0	6854.0	5596.0	8841.0	9298.0	6124.0	5506.0	6089.0	3608.0	86968.0	6091.0	8211.0	8013.0	5391.0	11625.0	14637.0	11357.0	2002.0	8951.0	14225.0	9882.0	11953.0	548.0	2689.0	1167.0	7548.0	7382.0	17115.0	10225.0	12319.0	471.0	1892.0	3426.0	2472.0	11324.0	11289.0	7779.0	10997.0	480.0	4655.0	3500.0
G900100945	1271.0	674.0	895.0	567.0	206.0	146.0	167.0	91.0	121.0	56.0	410.0	404.0	230.0	200.0	375.0	548.0	741.0	48.0	4574.0	1788.0	309.0	396.0	4306.0	2181.0	328.0	475.0	26.0	43.0	4477.0	1309.0	517.0	1099.0	832.0	633.0	147.0	165.0	145.0	108.0	3903.0	4444.0	474.0	730.0	917.0	752.0	314.0	204.0	601.0	685.0	369.0	647.0	66.0	89.0	887.0	2954.0	13445.0	97.0	90.0	5413.0	2693.0	693.0	269.0	459.0	306.0	426.0	488.0	458.0	1596.0	760.0	5067.0	10475.0	6275.0	11065.0	2986.0	294.0	870.0	2810.0	997.0	556.0	1088.0	252.0	113.0	12.0	8264.0	9217.0
G900102965	236.0	191.0	197.0	267.0	4263.0	3387.0	9063.0	2721.0	4183.0	2107.0	262.0	143.0	491.0	669.0	268.0	190.0	1379.0	1921.0	3256.0	2025.0	173.0	299.0	162.0	68.0	205.0	265.0	850.0	1754.0	2231.0	1076.0	193.0	241.0	275.0	325.0	2592.0	29469.0	3293.0	2288.0	98.0	90.0	165.0	119.0	175.0	276.0	357.0	185.0	164.0	252.0	210.0	167.0	2366.0	6111.0	22.0	1986.0	15659.0	93.0	94.0	312.0	464.0	276.0	93.0	229.0	240.0	159.0	293.0	850.0	3076.0	1531.0	114.0	214.0	233.0	242.0	209.0	661.0	519.0	2389.0	80.0	216.0	231.0	1651.0	1829.0	9.0	3311.0	3436.0
G900110835	78.0	75.0	46.0	38.0	27.0	18.0	14.0	13.0	19.0	21.0	218.0	461.0	1151.0	1309.0	870.0	1261.0	56.0	25.0	1768.0	1341.0	51.0	34.0	195.0	150.0	56.0	98.0	24.0	71.0	1031.0	330.0	60.0	70.0	101.0	164.0	8.0	17.0	28.0	19.0	252.0	381.0	411.0	55.0	36.0	35.0	51.0	54.0	46.0	63.0	113.0	157.0	22.0	10.0	93.0	645.0	2460.0	22.0	19.0	479.0	557.0	78.0	24.0	86.0	96.0	109.0	90.0	5.0	22.0	9.0	81.0	209.0	303.0	739.0	246.0	14.0	8.0	70.0	97.0	115.0	169.0	44.0	27.0	4.0	2548.0	2569.0
G900112535	418.0	209.0	310.0	349.0	16988.0	12162.0	6220.0	4802.0	16194.0	9007.0	274.0	232.0	277.0	182.0	323.0	459.0	4960.0	8134.0	10307.0	2161.0	83.0	150.0	98.0	51.0	164.0	436.0	5622.0	6406.0	6762.0	4069.0	429.0	386.0	534.0	317.0	4693.0	18517.0	10344.0	9851.0	89.0	110.0	230.0	159.0	283.0	324.0	192.0	123.0	328.0	370.0	397.0	212.0	1394.0	3677.0	1.0	2087.0	7665.0	94.0	84.0	358.0	433.0	285.0	126.0	205.0	266.0	164.0	430.0	546.0	2515.0	996.0	137.0	292.0	426.0	484.0	351.0	253.0	93.0	1283.0	134.0	73.0	171.0	8365.0	8134.0	16.0	18578.0	25700.0
G900113355	729.0	379.0	1144.0	1558.0	43635.0	34843.0	19542.0	13390.0	41140.0	25292.0	657.0	603.0	959.0	734.0	751.0	1155.0	9907.0	11538.0	22062.0	8897.0	979.0	2204.0	226.0	211.0	510.0	1665.0	6262.0	10739.0	16047.0	8455.0	1159.0	1064.0	641.0	316.0	10471.0	38173.0	28487.0	24690.0	114.0	131.0	541.0	256.0	1137.0	664.0	814.0	341.0	1286.0	1656.0	749.0	257.0	2228.0	3386.0	18.0	3905.0	29180.0	237.0	156.0	661.0	899.0	1419.0	352.0	897.0	2770.0	2062.0	4380.0	223.0	1012.0	341.0	248.0	625.0	3808.0	3893.0	3331.0	140.0	187.0	738.0	758.0	630.0	1088.0	13090.0	14044.0	16.0	40076.0	48347.0
G900129955	481.0	177.0	407.0	562.0	8101.0	8357.0	37167.0	30356.0	13505.0	7517.0	709.0	422.0	1552.0	1423.0	346.0	531.0	9666.0	10838.0	14019.0	4918.0	776.0	2352.0	278.0	270.0	304.0	1265.0	7178.0	9644.0	13480.0	2213.0	658.0	601.0	1467.0	1191.0	40365.0	35354.0	6837.0	7587.0	181.0	405.0	1055.0	429.0	485.0	663.0	1544.0	788.0	482.0	370.0	1383.0	391.0	24683.0	30571.0	0.0	9396.0	25275.0	61.0	67.0	223.0	257.0	750.0	188.0	353.0	137.0	114.0	536.0	303.0	1950.0	573.0	445.0	821.0	265.0	240.0	200.0	244.0	147.0	2647.0	15.0	15.0	13.0	13463.0	13027.0	20.0	13765.0	15886.0
